received_time,altitude,lat,lon,alt
1689322326728560578, 2.4742414951324463, , , 
1689322326755961850, , 460684835, 112272724, 471727
1689322328400269511, , 460684851, 112272775, 471760
1689322328413745671, 2.462718963623047, , , 
1689322330071539946, , 460684855, 112272805, 471735
1689322330084750567, 2.4610354900360107, , , 
1689322331749586023, , 460684867, 112272866, 471627
1689322331762891702, 2.47776460647583, , , 
1689322333415670677, , 460684867, 112272896, 471407
1689322333429329231, 2.4536871910095215, , , 
1689322335090034808, , 460684862, 112272907, 471178
1689322335103730797, 2.4254584312438965, , , 
1689322336753246502, 2.447117805480957, , , 
1689322336792252601, , 460684859, 112272918, 471009
1689322338432377339, , 460684855, 112272927, 470821
1689322338445875342, 2.461010694503784, , , 
1689322340111736391, , 460684842, 112272946, 470475
1689322340124919525, 2.465470552444458, , , 
1689322341773121544, 2.4703445434570312, , , 
1689322341811960610, , 460684839, 112272957, 470382
1689322343444947002, , 460684829, 112272962, 470343
1689322343458419548, 2.458986282348633, , , 
1689322345123086137, , 460684828, 112272963, 470386
1689322345136316177, 2.4702091217041016, , , 
1689322346792328865, , 460684813, 112272947, 470505
1689322346805570924, 2.486894369125366, , , 
1689322348463342446, , 460684812, 112272930, 470726
1689322348476529801, 2.5004985332489014, , , 
1689322350128110918, 2.4944424629211426, , , 
1689322350155448604, , 460684813, 112272922, 470862
1689322351803914431, , 460684813, 112272913, 470921
1689322351817100491, 2.478015661239624, , , 
1689322353464797427, , 460684815, 112272909, 470978
1689322353478006373, 2.4523816108703613, , , 
1689322355134046292, , 460684818, 112272903, 471042
1689322355147248341, 2.4470791816711426, , , 
1689322356810787744, , 460684823, 112272893, 471245
1689322356823977519, 2.4613680839538574, , , 
1689322358492753474, , 460684826, 112272883, 471400
1689322358506366119, 2.5067834854125977, , , 
1689322360149820661, , 460684839, 112272866, 471869
1689322360162853754, 2.5475382804870605, , , 
1689322361823206452, , 460684843, 112272851, 472197
1689322361836038058, 2.5258963108062744, , , 
1689322363488792528, 2.514019727706909, , , 
1689322363526619137, , 460684847, 112272855, 472351
1689322365173443108, , 460684843, 112272840, 472531
1689322365186358399, 2.5596635341644287, , , 
1689322366835173619, , 460684842, 112272844, 472504
1689322366848568277, 2.5865864753723145, , , 
1689322368510175169, 2.592970132827759, , , 
1689322368546857216, , 460684845, 112272842, 472559
1689322370178006235, , 460684849, 112272842, 472577
1689322370191009204, 2.584716558456421, , , 
1689322371845237712, , 460684850, 112272845, 472473
1689322371858488552, 2.5821340084075928, , , 
1689322373523758819, , 460684852, 112272843, 472454
1689322373537349008, 2.583357095718384, , , 
1689322375190531750, , 460684850, 112272843, 472338
1689322375203302501, 2.5848093032836914, , , 
1689322376863875365, , 460684851, 112272846, 472239
1689322376876568380, 2.598629951477051, , , 
1689322378533413682, , 460684853, 112272847, 472174
1689322378546476246, 2.5693130493164062, , , 
1689322380208080354, , 460684860, 112272849, 472134
1689322380221300290, 2.56745982170105, , , 
1689322381878207190, , 460684864, 112272854, 472042
1689322381891296943, 2.5663399696350098, , , 
1689322383548290799, , 460684869, 112272866, 471876
1689322383561370273, 2.5256128311157227, , , 
1689322385214848716, , 460684876, 112272891, 471604
1689322385227768176, 2.5330088138580322, , , 
1689322386893284491, , 460684877, 112272914, 471377
1689322386905965227, 2.5486598014831543, , , 
1689322388568140118, , 460684873, 112272930, 471108
1689322388581153784, 2.5411174297332764, , , 
1689322390225917873, , 460684870, 112272945, 470858
1689322390239704191, 2.529175043106079, , , 
1689322391904617099, , 460684860, 112272962, 470411
1689322391917690281, 2.525601387023926, , , 
1689322393575944534, , 460684852, 112272974, 469942
1689322393588701451, 2.5064384937286377, , , 
1689322395239700331, 2.4988529682159424, , , 
1689322395277348565, , 460684847, 112272984, 469586
1689322396907658654, , 460684837, 112272984, 469229
1689322396920964074, 2.4674086570739746, , , 
1689322398594626657, , 460684832, 112272976, 469071
1689322398607382845, 2.4779200553894043, , , 
1689322400261160542, , 460684828, 112272957, 469083
1689322400273922374, 2.465226173400879, , , 
1689322401923111469, , 460684823, 112272930, 469105
1689322401936140437, 2.459973096847534, , , 
1689322403598755028, , 460684824, 112272918, 469143
1689322403611792608, 2.4751553535461426, , , 
1689322405261254115, 2.480025291442871, , , 
1689322405298170403, , 460684825, 112272913, 469159
1689322406938606831, , 460684826, 112272908, 469147
1689322406951921667, 2.483690023422241, , , 
1689322408624033364, , 460684821, 112272882, 469138
1689322408636989110, 2.476686477661133, , , 
1689322410279413499, , 460684821, 112272867, 469196
1689322410292355509, 2.4531569480895996, , , 
1689322411951362928, , 460684825, 112272854, 469277
1689322411964473795, 2.4448606967926025, , , 
1689322413632563772, , 460684830, 112272844, 469393
1689322413645777931, 2.438905954360962, , , 
1689322415297918207, , 460684840, 112272808, 469646
1689322415311228157, 2.4428024291992188, , , 
1689322416962337950, , 460684848, 112272789, 469811
1689322416975074482, 2.4106857776641846, , , 
1689322418641610554, 2.3975298404693604, , , 
1689322418678982700, , 460684858, 112272769, 470112
1689322420311108633, , 460684877, 112272745, 470678
1689322420323876904, 2.3653016090393066, , , 
1689322421985333700, , 460684895, 112272733, 471074
1689322421998473270, 2.3598415851593018, , , 
1689322423650114374, , 460684892, 112272724, 471067
1689322423663009583, 2.3778796195983887, , , 
1689322425315303719, , 460684895, 112272736, 471316
1689322425328112792, 2.35416579246521, , , 
1689322426986012020, 2.3501944541931152, , , 
1689322427024223376, , 460684902, 112272746, 471722
1689322428666472009, , 460684906, 112272754, 471896
1689322428679413436, 2.333214521408081, , , 
1689322430332729719, , 460684901, 112272766, 471821
1689322430345570061, 2.277114152908325, , , 
1689322432000563467, 2.27531099319458, , , 
1689322432038844516, , 460684896, 112272793, 471702
1689322433675109613, , 460684874, 112272818, 471361
1689322433688056578, 2.2710657119750977, , , 
1689322435339708218, , 460684862, 112272844, 471109
1689322435352558733, 2.274395704269409, , , 
1689322437014628386, , 460684855, 112272867, 470887
1689322437027808953, 2.2701501846313477, , , 
1689322438699867875, , 460684848, 112272881, 470549
1689322438712770846, 2.288212299346924, , , 
1689322440364015520, , 460684845, 112272884, 470422
1689322440376931829, 2.291313886642456, , , 
1689322442028049750, , 460684843, 112272887, 470353
1689322442041364288, 2.320324182510376, , , 
1689322443707092403, , 460684839, 112272892, 470227
1689322443719920284, 2.315887689590454, , , 
1689322445373485429, , 460684839, 112272893, 470240
1689322445386244304, 2.3396246433258057, , , 
1689322447042363361, , 460684836, 112272888, 470261
1689322447055057242, 2.3381621837615967, , , 
1689322448720230199, , 460684836, 112272889, 470267
1689322448733059861, 2.320282459259033, , , 
1689322450385263839, , 460684839, 112272887, 470393
1689322450398010954, 2.2946972846984863, , , 
1689322452048821696, , 460684845, 112272874, 470549
1689322452061998809, 2.2950193881988525, , , 
1689322453735407055, 2.2922756671905518, , , 
1689322453774999962, , 460684853, 112272858, 470782
1689322455396230051, , 460684860, 112272842, 470928
1689322455409724821, 2.2999322414398193, , , 
1689322457060390473, 2.281393527984619, , , 
1689322457100839742, , 460684863, 112272822, 470982
1689322458748302142, 2.291260004043579, , , 
1689322458787539973, , 460684861, 112272793, 471023
1689322460409935188, , 460684865, 112272768, 471042
1689322460423533975, 2.301046848297119, , , 
1689322462076959495, , 460684866, 112272752, 471005
1689322462091314421, 2.2978556156158447, , , 
1689322463771409598, , 460684866, 112272738, 470806
1689322463785694944, 2.2877562046051025, , , 
1689322465424961981, , 460684871, 112272685, 470501
1689322465437320009, 2.316791296005249, , , 
1689322467098525148, , 460684887, 112272640, 470457
1689322467123915262, 2.319955825805664, , , 
1689322468778490370, , 460684905, 112272620, 470598
1689322468792302915, 2.290198802947998, , , 
1689322470427741442, , 460684914, 112272619, 470597
1689322470441284982, 2.2704312801361084, , , 
1689322472113948750, 2.254354476928711, , , 
1689322472156008058, , 460684917, 112272637, 470517
1689322473790328318, , 460684924, 112272666, 470500
1689322473803680614, 2.2417819499969482, , , 
1689322475443782874, 2.253126382827759, , , 
1689322475482932744, , 460684927, 112272682, 470545
1689322477130599055, , 460684924, 112272695, 470429
1689322477144591660, 2.2177436351776123, , , 
1689322478798587924, , 460684921, 112272706, 470335
1689322478812370583, 2.262937068939209, , , 
1689322480467554970, , 460684916, 112272720, 470155
1689322480480912844, 2.252887487411499, , , 
1689322482136446753, , 460684901, 112272738, 469919
1689322482150257019, 2.2617921829223633, , , 
1689322483804157142, 2.2479517459869385, , , 
1689322483843694526, , 460684895, 112272753, 469777
1689322485474823267, , 460684893, 112272764, 469780
1689322485488289008, 2.260817766189575, , , 
1689322487143536627, , 460684880, 112272761, 469754
1689322487157247679, 2.277358293533325, , , 
1689322488811643512, 2.264727830886841, , , 
1689322488851039709, , 460684872, 112272765, 469617
1689322490477104088, , 460684867, 112272760, 469591
1689322490489371720, 2.264657497406006, , , 
1689322492161832647, , 460684819, 112272736, 469421
1689322492174497984, 2.249767780303955, , , 
1689322493830418416, , 460684810, 112272725, 469733
1689322493843815672, 2.2364747524261475, , , 
1689322495494459180, , 460684800, 112272719, 469993
1689322495507258423, 2.243248462677002, , , 
1689322497173380198, , 460684794, 112272711, 470043
1689322497186651520, 2.235247850418091, , , 
1689322498854785610, , 460684792, 112272716, 469901
1689322498867805216, 2.2444167137145996, , , 
1689322500509827944, , 460684794, 112272730, 469848
1689322500523103278, 2.2463581562042236, , , 
1689322502180955090, , 460684797, 112272748, 469742
1689322502194121311, 2.233920097351074, , , 
1689322503859492347, , 460684804, 112272760, 469627
1689322503872656538, 2.2210683822631836, , , 
1689322505522788429, 2.236530065536499, , , 
1689322505548826450, , 460684804, 112272761, 469515
1689322507191993062, , 460684813, 112272778, 469114
1689322507205041630, 2.2232167720794678, , , 
1689322508877163231, , 460684815, 112272776, 468824
1689322508890055082, 2.214430809020996, , , 
1689322510531086328, , 460684819, 112272775, 468499
1689322510543945576, 2.191678285598755, , , 
1689322512222673174, , 460684823, 112272771, 468243
1689322512235919450, 2.1847035884857178, , , 
1689322513879326152, , 460684832, 112272772, 467766
1689322513892803207, 2.1434407234191895, , , 
1689322515546010703, , 460684840, 112272776, 467478
1689322515559448957, 2.104897975921631, , , 
1689322517219165813, , 460684838, 112272765, 466814
1689322517232997918, 2.079996347427368, , , 
1689322518909767522, , 460684835, 112272760, 466617
1689322518923404369, 2.042246103286743, , , 
1689322520567138406, , 460684838, 112272760, 466677
1689322520580559734, 2.057537078857422, , , 
1689322522235916825, , 460684844, 112272758, 466883
1689322522249469663, 2.0588908195495605, , , 
1689322523905428925, , 460684846, 112272759, 466913
1689322523925313733, 2.0569827556610107, , , 
1689322525569289559, 2.039438486099243, , , 
1689322525604863487, , 460684847, 112272760, 466955
1689322527244427516, , 460684846, 112272755, 467007
1689322527256857814, 2.055306911468506, , , 
1689322528912038655, , 460684839, 112272753, 466926
1689322528924325516, 2.0415797233581543, , , 
1689322530586355859, 2.0196027755737305, , , 
1689322530623206288, , 460684834, 112272756, 466886
1689322532270768050, , 460684816, 112272750, 466982
1689322532283922976, 1.9926189184188843, , , 
1689322533927606524, , 460684814, 112272749, 467206
1689322533941149676, 1.9732052087783813, , , 
1689322535607346998, , 460684812, 112272753, 467355
1689322535620922702, 1.9541670083999634, , , 
1689322537273231744, , 460684813, 112272761, 467369
1689322537286961822, 1.915329933166504, , , 
1689322538949104599, , 460684819, 112272787, 467410
1689322538962849365, 1.862362027168274, , , 
1689322540619058370, , 460684828, 112272795, 467411
1689322540632643033, 1.8425477743148804, , , 
1689322542287782644, , 460684833, 112272790, 467577
1689322542301717199, 1.8440325260162354, , , 
1689322543958474421, , 460684834, 112272793, 467653
1689322543971833253, 1.8597495555877686, , , 
1689322545619915995, 1.8710083961486816, , , 
1689322545658121989, , 460684835, 112272794, 467820
1689322547289117775, , 460684834, 112272797, 468017
1689322547302727803, 1.86228346824646, , , 
1689322548978504905, , 460684833, 112272800, 468296
1689322548992338890, 1.8127028942108154, , , 
1689322550637641454, , 460684830, 112272802, 468687
1689322550651201691, 1.8059526681900024, , , 
1689322552324886192, , 460684827, 112272797, 469183
1689322552337451387, 1.8125356435775757, , , 
1689322553980151039, , 460684829, 112272801, 469705
1689322553993197791, 1.8347220420837402, , , 
1689322555663388764, , 460684818, 112272775, 470141
1689322555675758075, 1.8196241855621338, , , 
1689322557316771001, , 460684799, 112272748, 470390
1689322557329551819, 1.7955327033996582, , , 
1689322558985028530, , 460684788, 112272744, 470515
1689322558997423102, 1.7800253629684448, , , 
1689322560667756458, 1.7755118608474731, , , 
1689322560703920860, , 460684781, 112272746, 470758
1689322562327931796, 1.786622166633606, , , 
1689322562363460579, , 460684775, 112272763, 470887
1689322564010839382, , 460684770, 112272765, 470901
1689322564024095040, 1.762006402015686, , , 
1689322565706905919, , 460684761, 112272782, 470772
1689322565720187514, 1.7478030920028687, , , 
1689322568517798028, 1.7423673868179321, , , 
1689322568557096829, , 460684752, 112272828, 470525
1689322571344696058, , 460684752, 112272862, 470523
1689322571357990622, 1.7409106492996216, , , 
1689322574174475492, , 460684755, 112272888, 470740
1689322574199412969, 1.7467578649520874, , , 
1689322577019601369, , 460684761, 112272871, 470874
1689322577033565667, 1.7500206232070923, , , 
1689322579857809364, 1.7879599332809448, , , 
1689322579897746910, , 460684768, 112272859, 471078
1689322582670864226, , 460684774, 112272850, 471206
1689322582684382538, 1.7833588123321533, , , 
1689322585505435417, , 460684780, 112272848, 471227
1689322585529932429, 1.7645506858825684, , , 
1689322588343303780, , 460684790, 112272862, 471197
1689322588355877727, 1.7555880546569824, , , 
1689322591181157889, , 460684795, 112272876, 470991
1689322591205561725, 1.769308090209961, , , 
1689322594008870594, , 460684798, 112272883, 470684
1689322594022153023, 1.7487950325012207, , , 
1689322596846205201, , 460684792, 112272875, 470581
1689322596871470853, 1.7081067562103271, , , 
1689322599678374035, , 460684796, 112272835, 470613
1689322599692205157, 1.781046748161316, , , 
1689322602504576424, , 460684795, 112272790, 470559
1689322602529822232, 1.8006845712661743, , , 
1689322605344941920, , 460684796, 112272744, 470649
1689322605358360286, 1.7834686040878296, , , 
1689322608185269665, , 460684787, 112272689, 470474
1689322608210099280, 1.725631833076477, , , 
1689322611009466474, 1.7403812408447266, , , 
1689322611045564214, , 460684787, 112272695, 471242
1689322613851444844, 1.736015796661377, , , 
1689322613887868831, , 460684812, 112272715, 471617
1689322616685466211, , 460684834, 112272759, 471215
1689322616698299009, 1.735863447189331, , , 
1689322619511365002, , 460684848, 112272786, 470659
1689322619523954886, 1.7145411968231201, , , 
1689322622347647818, , 460684855, 112272795, 470368
1689322622361068840, 1.7135978937149048, , , 
1689322625174998899, , 460684855, 112272796, 470397
1689322625188648096, 1.7790124416351318, , , 
1689322628015558404, , 460684850, 112272821, 470118
1689322628028922916, 1.8112529516220093, , , 
1689322630851022075, , 460684822, 112272797, 470499
1689322630864623460, 2.328543186187744, , , 
1689322633683598953, , 460684776, 112272809, 471927
1689322633697200130, 3.7427992820739746, , , 
1689322636510552970, , 460684767, 112273083, 472109
1689322636524028419, 4.1828742027282715, , , 
1689322639348646419, , 460684760, 112273328, 472251
1689322639362252023, 4.232688903808594, , , 
1689322642189690000, , 460684913, 112273191, 472263
1689322642204229501, 4.410447597503662, , , 
1689322645013630407, , 460685130, 112273061, 472582
1689322645026207792, 4.934531211853027, , , 
1689322647841149847, , 460685443, 112272867, 473692
1689322647853536817, 6.728381633758545, , , 
1689322650685741684, , 460685796, 112272742, 475373
1689322650698798647, 8.264632225036621, , , 
1689322653518962795, , 460686006, 112272563, 476356
1689322653532134600, 9.320884704589844, , , 
1689322656344038461, , 460685984, 112272069, 475918
1689322656357075528, 9.29134464263916, , , 
1689322659177566239, 9.826949119567871, , , 
1689322659216201352, , 460685869, 112271684, 476170
1689322662016021994, , 460685754, 112271791, 475823
1689322662029045467, 9.901076316833496, , , 
1689322664848052653, , 460685541, 112272044, 475209
1689322664860910243, 9.519686698913574, , , 
1689322667687082728, , 460685149, 112272470, 473095
1689322667699690268, 7.75951623916626, , , 
1689322670516960284, , 460684766, 112272884, 471563
1689322670529347514, 6.36926794052124, , , 
1689322673350861868, , 460684646, 112273069, 470314
1689322673363600917, 5.06950044631958, , , 
1689322676179486156, , 460684695, 112273202, 469686
1689322676192299945, 3.8955764770507812, , , 
1689322679171366548, 3.3824000358581543, , , 
1689322679207411321, , 460684802, 112273292, 469401
1689322681852657142, 2.320420026779175, , , 
1689322681877995034, , 460684901, 112273272, 468869
1689322684685146607, , 460684921, 112273249, 468875
1689322684697810084, 2.042567014694214, , , 
1689322687523867785, , 460684911, 112273255, 469426
1689322687536267931, 2.023111581802368, , , 
1689322690348597686, , 460684900, 112273246, 469837
1689322690361090644, 2.095909833908081, , , 
1689322693183921553, 2.1786398887634277, , , 
1689322693222729686, , 460684886, 112273234, 470427
1689322696027485085, , 460684880, 112273210, 471299
1689322696040616995, 2.190844774246216, , , 
1689322698857720041, , 460684879, 112273177, 472516
1689322698871274656, 2.1475508213043213, , , 
1689322701682573798, 2.119647741317749, , , 
1689322701723274153, , 460684871, 112273138, 473258
1689322704521797683, 2.131240129470825, , , 
1689322704560360766, , 460684856, 112273081, 473736
1689322707357258426, , 460684830, 112273015, 474167
1689322707370727781, 2.107267379760742, , , 
1689322710181344378, , 460684810, 112272968, 474574
1689322710193761764, 2.0916385650634766, , , 
1689322713028943135, , 460684790, 112272933, 474791
1689322713041650467, 2.0858519077301025, , , 
1689322715850106198, 2.095107316970825, , , 
1689322715888151422, , 460684764, 112272919, 474925
1689322718695865806, , 460684768, 112272942, 475262
1689322718709421775, 2.032548666000366, , , 
1689322721528393192, , 460684775, 112272956, 475413
1689322721541591665, 1.9765597581863403, , , 
1689322724348008823, 1.9750096797943115, , , 
1689322724386868986, , 460684789, 112272976, 475676
1689322727187484947, , 460684806, 112273005, 475462
1689322727200483942, 2.0113234519958496, , , 
1689322730024001880, 2.005913019180298, , , 
1689322730062384132, , 460684836, 112273034, 475122
1689322732856104532, , 460684849, 112273054, 475003
1689322732869651022, 2.062373399734497, , , 
1689322735688125465, 2.087364912033081, , , 
1689322735724376538, , 460684860, 112273072, 474974
1689322738522199661, 2.101914882659912, , , 
1689322738547573125, , 460684877, 112273126, 474410
1689322741362701975, , 460684880, 112273149, 473989
1689322741376191226, 2.0943944454193115, , , 
1689322744193238182, , 460684904, 112273179, 473504
1689322744206843995, 2.124729871749878, , , 
1689322747026914830, , 460684912, 112273174, 473546
1689322747039930492, 2.141533851623535, , , 
1689322749856862867, , 460684910, 112273170, 473630
1689322749870025923, 2.1718618869781494, , , 
1689322752683588016, , 460684909, 112273178, 473564
1689322752696203629, 2.2256715297698975, , , 
1689322755525217091, , 460684898, 112273166, 473752
1689322755538001244, 2.20487642288208, , , 
1689322758354624299, , 460684866, 112273144, 474588
1689322758367015695, 2.2468271255493164, , , 
1689322761183618021, , 460684834, 112273149, 475238
1689322761196047959, 2.2843105792999268, , , 
1689322764028335870, , 460684815, 112273148, 475993
1689322764040920702, 2.273256301879883, , , 
1689322766853666866, 2.289294958114624, , , 
1689322766894424512, , 460684811, 112273168, 477497
1689322769699104187, , 460684828, 112273183, 477775
1689322769712239744, 2.2697765827178955, , , 
1689322772533886659, , 460684830, 112273190, 478025
1689322772547196432, 2.2709946632385254, , , 
1689322775361671434, 2.24279522895813, , , 
1689322775397637614, , 460684813, 112273191, 477398
1689322778191134945, , 460684812, 112273182, 476230
1689322778204794975, 2.230527877807617, , , 
1689322781029810297, , 460684806, 112273173, 475548
1689322781043912094, 2.235694408416748, , , 
1689322783860938011, , 460684800, 112273174, 474551
1689322783874675749, 2.1757960319519043, , , 
1689322786700502991, , 460684811, 112273170, 473858
1689322786713009490, 2.227475881576538, , , 
1689322789518905665, 2.288388729095459, , , 
1689322789555239341, , 460684841, 112273180, 473664
1689322792354908855, 2.3303890228271484, , , 
1689322792391753203, , 460684885, 112273195, 473881
1689322795189022843, , 460684909, 112273197, 473821
1689322795201487312, 2.3279809951782227, , , 
1689322798022167049, , 460684937, 112273195, 473911
1689322798034476258, 2.420654535293579, , , 
1689322800859766995, 2.405245065689087, , , 
1689322800884922076, , 460684949, 112273192, 473824
1689322803693938118, , 460684936, 112273191, 473381
1689322803706315400, 2.3604214191436768, , , 
1689322806528588247, , 460684926, 112273194, 472804
1689322806541182767, 2.329927682876587, , , 
1689322809358219100, , 460684891, 112273170, 471634
1689322809370948618, 2.3317253589630127, , , 
1689322812901754533, , 460684827, 112273140, 470827
1689322812914396604, 2.3305463790893555, , , 
1689322815024652979, , 460684809, 112273149, 470340
1689322815037279112, 2.3422162532806396, , , 
1689322817856581570, , 460684802, 112273174, 469817
1689322817869254110, 2.361201286315918, , , 
1689322820695744783, 2.352813482284546, , , 
1689322820732659288, , 460684782, 112273175, 469506
1689322823526059901, 2.3776659965515137, , , 
1689322823565783233, , 460684799, 112273187, 469739
1689322826365936284, , 460684823, 112273208, 470016
1689322826379024497, 2.369703769683838, , , 
1689322829196503274, , 460684847, 112273215, 470385
1689322829209268365, 2.3925747871398926, , , 
1689322832027801976, , 460684865, 112273219, 470410
1689322832041800910, 2.406891107559204, , , 
1689322834863244181, , 460684862, 112273241, 469948
1689322834876206458, 2.3591198921203613, , , 
1689322837696622187, 2.3174312114715576, , , 
1689322837733605232, , 460684859, 112273256, 469436
1689322840530858258, 2.259087085723877, , , 
1689322840568379996, , 460684844, 112273270, 468862
1689322843371313542, , 460684817, 112273298, 467883
1689322843383897281, 2.2138466835021973, , , 
1689322846199814405, , 460684796, 112273312, 467286
1689322846212368300, 2.182044506072998, , , 
1689322849027656056, , 460684782, 112273326, 466843
1689322849040237554, 2.206127166748047, , , 
1689322851861468589, , 460684779, 112273325, 466751
1689322851874105243, 2.2389490604400635, , , 
1689322854701973143, , 460684775, 112273316, 466939
1689322854714363654, 2.208385944366455, , , 
1689322857530080416, , 460684772, 112273296, 467285
1689322857543393627, 2.2185943126678467, , , 
1689322860365793609, , 460684796, 112273289, 467983
1689322860378954686, 2.1593918800354004, , , 
1689322863200350302, 2.1407854557037354, , , 
1689322863251172334, , 460684821, 112273296, 468378
1689322866030030060, 2.104679584503174, , , 
1689322866068429238, , 460684838, 112273287, 468750
1689322868871790229, 2.1334969997406006, , , 
1689322868912111941, , 460684861, 112273287, 469023
1689322871704242774, 2.148796319961548, , , 
1689322871743652099, , 460684892, 112273277, 469560
1689322874535753401, , 460684912, 112273272, 469854
1689322874549063279, 2.1141953468322754, , , 
1689322877379904537, , 460684930, 112273273, 470114
1689322877393390559, 2.083714008331299, , , 
1689322880195322604, 2.0819849967956543, , , 
1689322880233891780, , 460684947, 112273232, 470798
1689322883030746268, , 460684943, 112273206, 471076
1689322883050801083, 2.0117971897125244, , , 
1689322885867346640, 1.98223876953125, , , 
1689322885904744004, , 460684928, 112273204, 471017
1689322888716135077, , 460684928, 112273209, 471007
1689322888728585587, 1.948470950126648, , , 
1689322891535613575, , 460684947, 112273220, 471652
1689322891548065075, 1.9891520738601685, , , 
1689322894371579057, 1.9953361749649048, , , 
1689322894408721111, , 460684962, 112273218, 472357
1689322897197153020, 2.018824815750122, , , 
1689322897233398624, , 460684968, 112273220, 472567
1689322900028069798, 1.9278508424758911, , , 
1689322900064902272, , 460684974, 112273227, 472399
1689322902860254638, , 460684973, 112273261, 472275
1689322902872634889, 1.950516939163208, , , 
1689322905699314050, 1.946934461593628, , , 
1689322905736318814, , 460684961, 112273262, 471733
1689322908534446675, 1.9232200384140015, , , 
1689322908572204505, , 460684948, 112273274, 471133
1689322911370380595, , 460684944, 112273287, 471047
1689322911382861730, 1.875351905822754, , , 
1689322914204160420, , 460684949, 112273277, 470650
1689322914216711710, 1.816286563873291, , , 
1689322917039600594, , 460684939, 112273252, 470673
1689322917052304331, 1.7432036399841309, , , 
1689322919875692168, , 460684928, 112273221, 471033
1689322919888075075, 1.8640687465667725, , , 
1689322922701129674, 1.9062073230743408, , , 
1689322922737173874, , 460684909, 112273196, 471548
1689322925531304480, , 460684907, 112273171, 472711
1689322925544178268, 2.077918529510498, , , 
1689322928364011346, , 460684917, 112273177, 473735
1689322928376545137, 2.0959854125976562, , , 
1689322931202595346, 2.0964019298553467, , , 
1689322931238880325, , 460684928, 112273181, 474741
1689322934031017252, 2.027345895767212, , , 
1689322934067766184, , 460684924, 112273183, 475014
1689322936875245366, 1.9183604717254639, , , 
1689322936903947498, , 460684933, 112273182, 475130
1689322939712506148, , 460684934, 112273201, 474990
1689322939725867692, 1.8579984903335571, , , 
1689322942535969506, , 460684925, 112273217, 474847
1689322942549484329, 1.8676916360855103, , , 
1689322945371608897, , 460684921, 112273230, 474750
1689322945383991596, 1.9325172901153564, , , 
1689322948208022240, , 460684909, 112273260, 474025
1689322948221371700, 1.982174277305603, , , 
1689322951049016321, , 460684913, 112273292, 472969
1689322951062364323, 1.947121024131775, , , 
1689322953874346015, 1.9073920249938965, , , 
1689322953913712060, , 460684939, 112273313, 472626
1689322956713398188, , 460684944, 112273313, 472320
1689322956727532485, 1.918225884437561, , , 
1689322959533361525, 1.9127311706542969, , , 
1689322959570304050, , 460684938, 112273318, 472176
1689322962373345199, , 460684932, 112273319, 472057
1689322962386834346, 1.9077544212341309, , , 
1689322965198807601, , 460684935, 112273321, 472053
1689322965211608629, 1.887812614440918, , , 
1689322968040664643, 1.871803879737854, , , 
1689322968077431961, , 460684951, 112273326, 472046
1689322970874911287, , 460684952, 112273315, 472053
1689322970887384349, 1.8519854545593262, , , 
1689322973705388799, , 460684962, 112273315, 472171
1689322973717935871, 1.9618889093399048, , , 
1689322976549609882, , 460684952, 112273328, 471770
1689322976562028726, 1.8833458423614502, , , 
1689322979377383772, , 460684924, 112273351, 471142
1689322979389896470, 1.8578386306762695, , , 
1689322982221306837, , 460684870, 112273373, 469945
1689322982233500996, 1.88450288772583, , , 
1689322985041845326, , 460684830, 112273401, 468786
1689322985054295159, 1.8901070356369019, , , 
1689322987872943873, 1.7831910848617554, , , 
1689322987898399056, , 460684818, 112273454, 467795
1689322990705292201, 1.8023942708969116, , , 
1689322990743942315, , 460684827, 112273481, 467435
1689322993543320581, , 460684833, 112273495, 467363
1689322993556586501, 2.0021636486053467, , , 
1689322996373682989, , 460684813, 112273522, 470122
1689322996386959013, 4.346945285797119, , , 
1689322999202960929, 6.221579074859619, , , 
1689322999240226419, , 460684868, 112273478, 472167
1689323002038657976, , 460684910, 112273404, 472278
1689323002051729991, 6.418450355529785, , , 
1689323004869960323, , 460685194, 112273220, 473389
1689323004883086661, 7.51157283782959, , , 
1689323007704792014, , 460685658, 112272872, 475184
1689323007717949184, 8.961132049560547, , , 
1689323010545238132, , 460686071, 112272664, 475354
1689323010558375355, 9.195230484008789, , , 
1689323013383084586, , 460686418, 112272416, 475547
1689323013396324672, 9.249510765075684, , , 
1689323016205775763, , 460686553, 112271927, 475658
1689323016219214129, 9.306059837341309, , , 
1689323019044667155, , 460686513, 112271331, 475738
1689323019057189644, 9.26695728302002, , , 
1689323021869290502, , 460686552, 112271029, 476009
1689323021881744346, 9.346144676208496, , , 
1689323024707112582, , 460686518, 112270914, 475826
1689323024719559811, 9.511910438537598, , , 
1689323027547392243, , 460686346, 112271094, 475145
1689323027560067751, 9.260462760925293, , , 
1689323030370910600, 9.238672256469727, , , 
1689323030396119639, , 460686157, 112271381, 475002
1689323033204587613, , 460685793, 112271681, 473935
1689323033217121248, 8.424800872802734, , , 
1689323036039779873, , 460685251, 112272033, 472279
1689323036052257623, 7.163505554199219, , , 
1689323038875615773, , 460684824, 112272357, 471830
1689323038887949201, 6.870597839355469, , , 
1689323041712428643, , 460684551, 112272497, 470878
1689323041725524252, 6.32158899307251, , , 
1689323044550536501, 6.17413330078125, , , 
1689323044589417133, , 460684273, 112272647, 470830
1689323047384829811, , 460684047, 112272826, 471300
1689323047398674058, 6.348315238952637, , , 
1689323050215137845, , 460683962, 112273066, 470795
1689323050228164548, 6.108797073364258, , , 
1689323053043135171, 6.00587797164917, , , 
1689323053080599826, , 460684018, 112273478, 470721
1689323055879116903, , 460684123, 112273728, 470970
1689323055892323708, 6.325529098510742, , , 
1689323058713839479, 5.7048845291137695, , , 
1689323058749835555, , 460684217, 112273669, 470714
1689323061539643024, 5.749884128570557, , , 
1689323061564980655, , 460684139, 112273500, 470586
1689323064381789438, , 460684010, 112273335, 470213
1689323064394344375, 5.719615459442139, , , 
1689323067214120214, 5.038432598114014, , , 
1689323067251331122, , 460684269, 112273067, 469288
1689323070041638847, , 460684672, 112272941, 470217
1689323070054269460, 5.943892002105713, , , 
1689323072877491049, , 460685041, 112272909, 470785
1689323072890222806, 6.657598495483398, , , 
1689323075707693875, 6.989020824432373, , , 
1689323075743893542, , 460685412, 112272762, 471083
1689323078550677938, , 460685828, 112272553, 471304
1689323078563018554, 7.408382415771484, , , 
1689323081383560480, 8.07437801361084, , , 
1689323081419829522, , 460686252, 112272380, 472065
1689323084211548379, , 460686626, 112272250, 473234
1689323084223916078, 9.306981086730957, , , 
1689323087042617552, 9.942912101745605, , , 
1689323087078843938, , 460686848, 112271983, 473883
1689323089875456292, , 460686858, 112271680, 474467
1689323089887858470, 10.053112030029297, , , 
1689323092711173755, , 460686614, 112271446, 473891
1689323092723380622, 9.217965126037598, , , 
1689323095547388298, 9.861241340637207, , , 
1689323095583491195, , 460686425, 112271353, 474660
1689323098377092535, , 460686179, 112271435, 474181
1689323098389492942, 9.501080513000488, , , 
1689323101215072113, 8.730428695678711, , , 
1689323101251744380, , 460685621, 112271743, 473116
1689323104043446988, , 460685052, 112272150, 471824
1689323104059521007, 7.9820404052734375, , , 
1689323106880887560, , 460684562, 112272476, 471234
1689323106893339529, 7.654967308044434, , , 
1689323109714051506, 6.43004846572876, , , 
1689323109750522368, , 460684243, 112272702, 469773
1689323112549778292, , 460684019, 112272690, 470043
1689323112562483279, 6.263648509979248, , , 
1689323115379669194, 5.878392696380615, , , 
1689323115415763081, , 460683805, 112272631, 470193
1689323118219219227, , 460683750, 112272843, 470284
1689323118231760830, 5.591542720794678, , , 
1689323121052118747, 5.593481063842773, , , 
1689323121088079198, , 460683910, 112273471, 470162
1689323123879134155, 5.347543716430664, , , 
1689323123916222304, , 460683969, 112273567, 469881
1689323126713828451, 5.81810188293457, , , 
1689323126751708155, , 460684031, 112273486, 470728
1689323129549176335, 5.852937698364258, , , 
1689323129586090891, , 460684325, 112273236, 470406
1689323132388078144, , 460684962, 112272992, 471916
1689323132401122138, 7.153568267822266, , , 
1689323135221862552, , 460685470, 112272833, 471488
1689323135234394364, 6.839767932891846, , , 
1689323138053630625, 7.440762042999268, , , 
1689323138090827262, , 460685863, 112272631, 471974
1689323140885913276, , 460686242, 112272449, 471877
1689323140898449775, 7.3006510734558105, , , 
1689323143723528118, , 460686518, 112272284, 472670
1689323143736327948, 8.245108604431152, , , 
1689323146554055681, , 460686589, 112271961, 472860
1689323146566860615, 8.41756820678711, , , 
1689323149387751496, , 460686554, 112271523, 473060
1689323149400717210, 8.364476203918457, , , 
1689323152219599047, , 460686359, 112271426, 474211
1689323152233060694, 8.955546379089355, , , 
1689323155050890302, , 460686104, 112271603, 473712
1689323155063672528, 8.91961669921875, , , 
1689323157886671827, , 460685640, 112271882, 473451
1689323157899519938, 9.10449504852295, , , 
1689323160724091931, 7.675836563110352, , , 
1689323160760738781, , 460685130, 112272279, 472098
1689323163546812378, , 460684699, 112272594, 471292
1689323163559262524, 6.932840347290039, , , 
1689323166391298251, , 460684442, 112272796, 472014
1689323166403717251, 7.031483173370361, , , 
1689323169224869432, , 460684118, 112273086, 471599
1689323169238627795, 6.755140781402588, , , 
1689323172056990418, 5.841952323913574, , , 
1689323172103322909, , 460683877, 112273318, 470079
1689323174882118291, , 460683941, 112273482, 467437
1689323174894564479, 3.1137568950653076, , , 
1689323177723323569, , 460683924, 112273582, 466397
1689323177735588456, 1.5866526365280151, , , 
1689323180563566876, , 460683917, 112273565, 466301
1689323180577330812, 1.3962676525115967, , , 
1689323183392011854, , 460683918, 112273616, 465653
1689323183405348867, 1.4473422765731812, , , 
1689323186221405157, , 460683919, 112273647, 464979
1689323186234515610, 1.433411717414856, , , 
1689323189059578588, , 460683908, 112273650, 464729
1689323189073049610, 1.4130840301513672, , , 
1689323191887590080, , 460683900, 112273655, 464717
1689323191899959394, 1.43954336643219, , , 
1689323194731239137, , 460683902, 112273671, 464593
1689323194743708814, 1.33073091506958, , , 
1689323197571052657, , 460683909, 112273659, 464598
1689323197583931809, 1.330755352973938, , , 
1689323200390904745, , 460683918, 112273647, 464577
1689323200403271923, 1.2706363201141357, , , 
1689323203219591180, , 460683917, 112273636, 464526
1689323203232048878, 1.227997064590454, , , 
1689323206062146757, , 460683910, 112273618, 464481
1689323206074813620, 1.2497073411941528, , , 
1689323208890939389, , 460683922, 112273631, 464943
1689323208903623647, 1.1688121557235718, , , 
1689323211720917113, 1.1338623762130737, , , 
1689323211745837978, , 460683931, 112273624, 464426
1689323214559265386, , 460683957, 112273610, 464202
1689323214571717094, 1.0896092653274536, , , 
1689323217394616707, , 460683963, 112273593, 463359
1689323217407159925, 1.0517997741699219, , , 
1689323220228502729, , 460683969, 112273604, 463424
1689323220241768544, 1.0254770517349243, , , 
1689323223064652844, , 460683966, 112273605, 463121
1689323223078210324, 0.9162245988845825, , , 
1689323225900847230, , 460683961, 112273638, 463034
1689323225914383773, 0.8793531656265259, , , 
1689323228730898704, , 460683952, 112273651, 462214
1689323228744483684, 0.7791563868522644, , , 
1689323231563619893, , 460683940, 112273694, 462553
1689323231576907636, 0.8034902811050415, , , 
1689323234388745631, , 460683942, 112273706, 462709
1689323234401559732, 0.7397911548614502, , , 
1689323237231356208, , 460683955, 112273717, 463088
1689323237243869895, 0.697029173374176, , , 
1689323240054777118, , 460683968, 112273718, 463707
1689323240067183150, 0.6316194534301758, , , 
1689323242894504076, 0.4912235140800476, , , 
1689323242931033532, , 460683986, 112273701, 464573
1689323245728466608, 0.47407904267311096, , , 
1689323245764536432, , 460683992, 112273697, 465216
1689323248563201007, , 460683984, 112273703, 465345
1689323248575918286, 0.3919301927089691, , , 
1689323251397058071, , 460683970, 112273691, 465347
1689323251409434884, 0.28591910004615784, , , 
1689323254223447599, 0.19558626413345337, , , 
1689323254249017989, , 460683959, 112273706, 465954
1689323257057523776, 0.07700923830270767, , , 
1689323257094008545, , 460683961, 112273702, 466920
1689323259896481209, 0.11687371134757996, , , 
1689323259932769313, , 460683966, 112273694, 468427
1689323262730359888, , 460683974, 112273680, 469528
1689323262742566807, 0.08840154111385345, , , 
1689323265569094563, , 460683964, 112273636, 470343
1689323265581574448, 0.08973220735788345, , , 
1689323268393615254, 0.08508910983800888, , , 
1689323268429562580, , 460683943, 112273616, 470716
1689323271227492422, , 460683889, 112273606, 470347
1689323271239948922, 0.03131219372153282, , , 
1689323274066589438, , 460683868, 112273612, 470203
1689323274079026459, -0.02483065240085125, , , 
1689323276894702128, , 460683808, 112273647, 469625
1689323276907058472, -0.013689868152141571, , , 
1689323279728723617, , 460683837, 112273607, 470275
1689323279741312355, 0.6237426400184631, , , 
1689323282574712340, , 460684167, 112273353, 469977
1689323282587746543, 0.9111618995666504, , , 
1689323285401978944, , 460684549, 112273176, 469546
1689323285414378778, 0.8724599480628967, , , 
1689323288227469470, , 460684799, 112272954, 469301
1689323288240168416, 0.2693693935871124, , , 
1689323291067752152, , 460684780, 112272957, 469985
1689323291080298859, 0.2016097456216812, , , 
1689323293898652212, 0.0330069325864315, , , 
1689323293934848025, , 460684789, 112272979, 470395
1689323296734611860, -0.0409635528922081, , , 
1689323296770674289, , 460684789, 112272989, 470480
1689323299564307921, , 460684796, 112272956, 470930
1689323299576650932, -0.04797506704926491, , , 
1689323302403129158, , 460684817, 112272932, 471099
1689323302415619199, -0.048369746655225754, , , 
1689323305236922368, , 460684814, 112272926, 470933
1689323305249467357, -0.039564456790685654, , , 
1689323308063382833, 0.054558295756578445, , , 
1689323308099558855, , 460684802, 112272900, 470888
1689323310896295114, 0.11850258708000183, , , 
1689323310932674155, , 460684817, 112272887, 471032
1689323313730838786, , 460684771, 112272854, 469848
1689323313743253620, 0.017693758010864258, , , 
1689323316569635336, , 460684784, 112272861, 469736
1689323316582109023, -0.0053738998249173164, , , 
1689323319405529465, , 460684796, 112272877, 469902
1689323319418023725, 0.026562752202153206, , , 
1689323322234238138, , 460684805, 112272890, 469706
1689323322247437496, 0.023813314735889435, , , 
1689323325077250743, , 460684817, 112272954, 469327
1689323325090443018, 0.016985036432743073, , , 
1689323327903985737, -0.07254135608673096, , , 
1689323327944555781, , 460684816, 112272999, 468988
1689323330729020382, , 460684813, 112273023, 468611
1689323330742164688, -0.06160712614655495, , , 
1689323333575352175, , 460684809, 112273044, 468679
1689323333588594761, -0.06442601978778839, , , 
1689323336394644893, 0.03805030137300491, , , 
1689323336420437521, , 460684806, 112273064, 468372
1689323339233374048, , 460684805, 112273071, 468248
1689323339246469657, 0.014978323131799698, , , 
1689323342073791989, , 460684793, 112273030, 467945
1689323342086486404, 0.01045289821922779, , , 
1689323344905251262, , 460684782, 112272927, 467345
1689323344918011353, 0.0245540551841259, , , 
1689323347743672399, , 460684773, 112272886, 468002
1689323347756557333, 0.09296215325593948, , , 
1689323350565274940, 0.10842940211296082, , , 
1689323350602518920, , 460684786, 112272851, 468434
1689323353403616390, , 460684804, 112272839, 468564
1689323353416166743, 0.07919817417860031, , , 
1689323356237282101, , 460684823, 112272816, 469016
1689323356249892194, 0.06366219371557236, , , 
1689323359063869753, 0.044964514672756195, , , 
1689323359100868423, , 460684840, 112272821, 469458
1689323361906951784, , 460684855, 112272831, 469615
1689323361919765781, 0.03897853568196297, , , 
1689323364732199135, 0.09639745950698853, , , 
1689323364768463802, , 460684850, 112272814, 470307
1689323367563512004, , 460684840, 112272867, 471121
1689323367575929285, 0.22645390033721924, , , 
1689323370398990928, , 460684930, 112272875, 473342
1689323370411384720, 2.1841747760772705, , , 
1689323373242158531, , 460685070, 112272832, 474247
1689323373255133412, 3.5339393615722656, , , 
1689323376067538277, 4.113160610198975, , , 
1689323376105816258, , 460685119, 112272703, 473881
1689323378911742954, , 460685068, 112272751, 472788
1689323378924830490, 3.6760315895080566, , , 
1689323381734957408, , 460685133, 112272782, 471774
1689323381747766873, 3.5915794372558594, , , 
1689323384575618784, , 460685115, 112272827, 472545
1689323384588505592, 4.450677871704102, , , 
1689323387422690101, , 460685104, 112272829, 472465
1689323387435402328, 4.688567638397217, , , 
1689323390241412252, , 460685072, 112272881, 472257
1689323390254521611, 4.6674933433532715, , , 
1689323393067333764, , 460685082, 112272875, 472180
1689323393080860567, 4.721987724304199, , , 
1689323395912350048, , 460685105, 112272823, 473108
1689323395925477480, 5.788784503936768, , , 
1689323398734843623, , 460685151, 112272769, 473730
1689323398748104855, 6.41211462020874, , , 
1689323401574630111, 6.153478622436523, , , 
1689323401612061382, , 460685154, 112272715, 473497
1689323404404126851, 5.929108619689941, , , 
1689323404430517077, , 460685157, 112272763, 473337
1689323407240901023, , 460685157, 112272716, 473414
1689323407253920747, 6.050006866455078, , , 
1689323410068452832, , 460685185, 112272671, 473850
1689323410081644534, 6.76631498336792, , , 
1689323412920811341, , 460685173, 112272701, 474017
1689323412934069136, 7.308352947235107, , , 
1689323415744394228, , 460685190, 112272688, 473838
1689323415757138122, 7.254234313964844, , , 
1689323418579002275, , 460685236, 112272709, 474002
1689323418602266644, 7.746351718902588, , , 
1689323421411878358, 8.865153312683105, , , 
1689323421448710572, , 460685239, 112272713, 474556
1689323424245301572, , 460685282, 112272693, 474580
1689323424258048382, 9.117266654968262, , , 
1689323427077938907, 9.17455005645752, , , 
1689323427114956171, , 460685294, 112272647, 474668
1689323429911872585, , 460685329, 112272669, 474419
1689323429925067985, 8.989211082458496, , , 
1689323432744016956, , 460685296, 112272696, 474496
1689323432757118294, 8.930642127990723, , , 
1689323435576116797, , 460685255, 112272695, 474469
1689323435588626317, 8.956507682800293, , , 
1689323438411590617, 9.687905311584473, , , 
1689323438448075385, , 460685291, 112272689, 475071
1689323441244796228, , 460685382, 112272604, 476359
1689323441257159500, 10.94296646118164, , , 
1689323444069072911, , 460685414, 112272590, 477036
1689323444081604880, 11.511570930480957, , , 
1689323446914661274, , 460685408, 112272529, 477626
1689323446928020213, 11.955613136291504, , , 
1689323449746425492, , 460685399, 112272541, 477215
1689323449759591517, 11.904289245605469, , , 
1689323452582772377, , 460685345, 112272612, 477496
1689323452596012047, 11.89265251159668, , , 
1689323455422245223, , 460685344, 112272586, 477605
1689323455435440257, 11.924277305603027, , , 
1689323458240761907, , 460685340, 112272589, 477277
1689323458253247781, 11.552842140197754, , , 
1689323461082584991, 11.111956596374512, , , 
1689323461118627524, , 460685303, 112272653, 476743
1689323463912057512, , 460685294, 112272670, 477621
1689323463924378701, 11.784099578857422, , , 
1689323466747267011, 12.322582244873047, , , 
1689323466772280792, , 460685406, 112272617, 478482
1689323469576019851, , 460685438, 112272565, 478582
1689323469588377394, 12.671627044677734, , , 
1689323472411698721, , 460685367, 112272644, 477153
1689323472424011733, 12.104515075683594, , , 
1689323475241627280, , 460685359, 112272599, 477583
1689323475254010134, 12.717364311218262, , , 
1689323478077127089, 13.03989315032959, , , 
1689323478113352954, , 460685380, 112272615, 478319
1689323480905190977, , 460685298, 112272639, 478141
1689323480917841121, 12.287699699401855, , , 
1689323483740970471, 11.14884090423584, , , 
1689323483777140399, , 460685186, 112272717, 477291
1689323486581963094, , 460685148, 112272734, 477987
1689323486594259023, 11.65383243560791, , , 
1689323489416446819, , 460685149, 112272754, 477783
1689323489428901756, 11.529919624328613, , , 
1689323492245286377, 12.34943962097168, , , 
1689323492270419167, , 460685180, 112272720, 477901
1689323495077267833, 13.885976791381836, , , 
1689323495113477708, , 460685237, 112272665, 478976
1689323497912210408, , 460685292, 112272576, 480710
1689323497924725657, 15.56029224395752, , , 
1689323500748954737, , 460685362, 112272498, 482171
1689323500761792535, 16.824832916259766, , , 
1689323503577967887, 17.881851196289062, , , 
1689323503614374479, , 460685439, 112272420, 483284
1689323506414549561, , 460685479, 112272324, 485269
1689323506426848406, 19.609453201293945, , , 
1689323509246536382, , 460685485, 112272307, 485216
1689323509259141422, 19.624794006347656, , , 
1689323512090881526, , 460685449, 112272324, 484916
1689323512103425890, 18.840940475463867, , , 
1689323514915404665, , 460685380, 112272373, 484743
1689323514928244704, 18.129188537597656, , , 
1689323517748316634, 16.57106590270996, , , 
1689323517786206337, , 460685340, 112272464, 483375
1689323520584206596, , 460685313, 112272499, 484558
1689323520596827938, 17.59861183166504, , , 
1689323523413228548, 16.358867645263672, , , 
1689323523439127632, , 460685297, 112272496, 483235
1689323526241143687, , 460685255, 112272609, 482120
1689323526253443782, 15.226689338684082, , , 
1689323529083526975, , 460685271, 112272583, 482691
1689323529096030870, 15.826371192932129, , , 
1689323531910463269, , 460685330, 112272508, 484187
1689323531923087736, 17.321386337280273, , , 
1689323534745020951, , 460685326, 112272420, 487539
1689323534757298390, 20.611888885498047, , , 
1689323537582350796, 20.17494773864746, , , 
1689323537618260934, , 460685324, 112272392, 486662
1689323540417114466, , 460685322, 112272424, 486176
1689323540429460134, 19.67470359802246, , , 
1689323543250068673, , 460685320, 112272513, 485480
1689323543262275384, 18.911808013916016, , , 
1689323546080248375, , 460685340, 112272570, 485040
1689323546092519148, 18.437692642211914, , , 
1689323548914376582, 19.651567459106445, , , 
1689323548939206927, , 460685380, 112272633, 486200
1689323551745810179, , 460685471, 112272584, 488443
1689323551758157253, 21.760007858276367, , , 
1689323554586019997, , 460685584, 112272466, 490694
1689323554598430091, 23.90399169921875, , , 
1689323557417294064, 23.701858520507812, , , 
1689323557453188890, , 460685636, 112272367, 490171
1689323560249373436, , 460685635, 112272286, 490839
1689323560261872852, 24.06822395324707, , , 
1689323563097699481, , 460685645, 112272318, 491564
1689323563110595612, 24.736812591552734, , , 
1689323565917523757, 24.19525909423828, , , 
1689323565942600610, , 460685665, 112272383, 491467
1689323568753740956, , 460685706, 112272454, 491573
1689323568766022457, 24.474262237548828, , , 
1689323571583165769, , 460685719, 112272350, 492947
1689323571595485499, 25.91386604309082, , , 
1689323574429652091, , 460685713, 112272241, 495081
1689323574442625670, 28.028732299804688, , , 
1689323577249739438, , 460685699, 112272197, 495608
1689323577262161980, 28.558013916015625, , , 
1689323580080984026, , 460685694, 112272239, 495251
1689323580093419901, 27.872692108154297, , , 
1689323582922675862, , 460685655, 112272338, 493819
1689323582935276110, 26.299575805664062, , , 
1689323585748656331, 18.835994720458984, , , 
1689323585785746251, , 460685603, 112272481, 485707
1689323588589153074, , 460685542, 112272588, 480181
1689323588601612282, 13.294368743896484, , , 
1689323591423430811, , 460685436, 112272692, 474416
1689323591435769031, 8.047067642211914, , , 
1689323594262337359, , 460685306, 112272895, 468981
1689323594275459374, 2.9242453575134277, , , 
1689323597087420910, , 460685167, 112273112, 466036
1689323597100629174, 0.008404836989939213, , , 
1689323599925209969, , 460684793, 112273342, 465230
1689323599938406723, -0.8906787037849426, , , 
1689323602758620058, , 460684618, 112273394, 464931
1689323602772300401, -1.4661576747894287, , , 
1689323605590962865, , 460684587, 112273406, 464517
1689323605603580718, -1.4829832315444946, , , 
1689323608416602921, , 460684601, 112273383, 464321
1689323608429123066, -1.1542894840240479, , , 
1689323611265831823, , 460684607, 112273360, 464544
1689323611279596957, -0.9778777956962585, , , 
1689323614095458769, , 460684604, 112273362, 464779
1689323614109239059, -0.8518180847167969, , , 
1689323616926548984, , 460684584, 112273371, 464572
1689323616939757300, -0.8832256197929382, , , 
1689323619763321229, , 460684555, 112273376, 464338
1689323619776067726, -0.8822570443153381, , , 
1689323622598384219, , 460684547, 112273363, 464181
1689323622611324517, -0.885665237903595, , , 
1689323625434447253, , 460684556, 112273375, 464141
1689323625447522497, -0.8474460244178772, , , 
1689323628254773868, , 460684552, 112273394, 464106
1689323628267993330, -0.8721842765808105, , , 
1689323631102096225, , 460684554, 112273430, 464064
1689323631115347821, -0.8682695627212524, , , 
1689323633929165330, , 460684571, 112273463, 464076
1689323633942328230, -0.9221781492233276, , , 
1689323636757002710, , 460684596, 112273478, 464163
1689323636770215974, -0.9078307747840881, , , 
1689323639588134955, , 460684601, 112273470, 464517
1689323639601506603, -1.0006402730941772, , , 
1689323642426402291, , 460684602, 112273458, 464801
1689323642439823626, -0.9161792993545532, , , 
1689323645262788446, , 460684597, 112273451, 464880
1689323645275400101, -0.8620703816413879, , , 
1689323648089784219, , 460684596, 112273439, 465127
1689323648102713423, -0.8460566997528076, , , 
1689323650923102277, , 460684582, 112273444, 465069
1689323650935515444, -0.8908670544624329, , , 
1689323653759913793, , 460684570, 112273469, 464963
1689323653772608832, -0.8696862459182739, , , 
1689323656592511858, , 460684557, 112273474, 464965
1689323656605091222, -0.8807984590530396, , , 
1689323659432164181, , 460684553, 112273481, 465101
1689323659444837033, -0.8467209339141846, , , 
1689323662263727256, , 460684553, 112273478, 465117
1689323662276216568, -0.8587875366210938, , , 
1689323665095146269, , 460684558, 112273472, 465271
1689323665107678133, -0.9046900272369385, , , 
1689323667924635561, , 460684588, 112273452, 465818
1689323667936999926, -0.9304850101470947, , , 
1689323670769163776, , 460684589, 112273438, 466109
1689323670781483767, -0.9367541670799255, , , 
1689323673623289612, , 460684589, 112273418, 466486
1689323673635754133, -0.9349284768104553, , , 
1689323676431174154, , 460684581, 112273368, 467068
1689323676444436532, -0.9408605098724365, , , 
1689323679264451640, , 460684578, 112273369, 467082
1689323679276980171, -0.9279174208641052, , , 
1689323682098292038, , 460684583, 112273377, 467142
1689323682110821975, -0.9169787168502808, , , 
1689323684924186414, -0.9227590560913086, , , 
1689323684960293634, , 460684586, 112273396, 466961
1689323687766707357, , 460684592, 112273398, 466768
1689323687779430469, -0.8806023597717285, , , 
1689323690593158291, , 460684594, 112273400, 466804
1689323690605644426, -0.8360793590545654, , , 
1689323693429951578, , 460684597, 112273405, 466853
1689323693442281673, -0.821631669998169, , , 
1689323696263240574, -0.8971290588378906, , , 
1689323696288375551, , 460684595, 112273420, 466714
1689323699101431608, , 460684595, 112273422, 466508
1689323699113815713, -0.8827635049819946, , , 
1689323701923043837, , 460684592, 112273432, 465889
1689323701935537316, -0.90680992603302, , , 
1689323704772247791, , 460684595, 112273441, 465662
1689323704784929654, -0.9407332539558411, , , 
1689323707597334779, , 460684595, 112273462, 465555
1689323707609782738, -0.9346200823783875, , , 
1689323710437055591, , 460684594, 112273469, 465497
1689323710449745787, -0.965376079082489, , , 
1689323713263354079, , 460684599, 112273475, 465524
1689323713276072608, -0.949554443359375, , , 
1689323716104549877, , 460684599, 112273471, 465631
1689323716117063981, -0.8550603985786438, , , 
1689323718930763470, -0.8623660802841187, , , 
1689323718969234210, , 460684598, 112273469, 465576
1689323721772516607, , 460684607, 112273453, 465766
1689323721785714454, -0.8982870578765869, , , 
1689323724598839000, , 460684607, 112273450, 466038
1689323724612061379, -0.8987114429473877, , , 
1689323727433604598, , 460684616, 112273435, 466618
1689323727446286252, -0.8800771236419678, , , 
1689323730267982646, , 460684608, 112273425, 466839
1689323730281028203, -0.8916469216346741, , , 
1689323733108870166, , 460684578, 112273414, 467292
1689323733122487489, -0.9665613174438477, , , 
1689323735939877934, , 460684549, 112273428, 467439
1689323735953686296, -0.9563837051391602, , , 
1689323738767806354, -1.0609153509140015, , , 
1689323738812982032, , 460684535, 112273431, 467560
1689323741597397363, , 460684522, 112273421, 467545
1689323741611053957, -0.9853098392486572, , , 
1689323744441267877, , 460684500, 112273431, 467382
1689323744454952022, -0.9797567129135132, , , 
1689323747264206916, , 460684490, 112273458, 467134
1689323747277261067, -0.9821764230728149, , , 
1689323750096772638, -0.9972666501998901, , , 
1689323750134367292, , 460684477, 112273482, 466731
1689323752934683102, , 460684485, 112273482, 466603
1689323752948250269, -0.9769490361213684, , , 
1689323755769777290, , 460684481, 112273446, 466700
1689323755782407226, -0.991864025592804, , , 
1689323758606781512, , 460684480, 112273425, 466824
1689323758619324678, -1.013689637184143, , , 
1689323761442135750, , 460684485, 112273384, 467290
1689323761454501053, -0.8644549250602722, , , 
1689323764276497288, , 460684493, 112273376, 467392
1689323764289195296, -0.8044657707214355, , , 
1689323767100089915, , 460684498, 112273378, 467368
1689323767112652195, -0.8207624554634094, , , 
1689323769934758274, -0.849022626876831, , , 
1689323769971962098, , 460684502, 112273380, 467395
1689323772778940815, , 460684509, 112273381, 467321
1689323772791579189, -0.825435996055603, , , 
1689323775598926236, -0.774665892124176, , , 
1689323775635965062, , 460684515, 112273399, 467147
1689323778441253587, , 460684517, 112273440, 466643
1689323778453766076, -0.8403881192207336, , , 
1689323781274146180, , 460684514, 112273446, 466494
1689323781286532160, -0.8589338660240173, , , 
1689323784102559023, , 460684522, 112273419, 466814
1689323784114972659, -0.8398452401161194, , , 
1689323786945578243, , 460684528, 112273420, 466748
1689323786957940473, -0.8287956714630127, , , 
1689323789774727798, , 460684525, 112273434, 466668
1689323789789724639, -0.8422732949256897, , , 
1689323792619105233, , 460684513, 112273463, 465812
1689323792631530484, -0.8963888883590698, , , 
1689323795438916124, , 460684506, 112273463, 465587
1689323795451609758, -0.9409627914428711, , , 
1689323798274601609, , 460684500, 112273448, 465838
1689323798288363930, -0.9754770398139954, , , 
1689323801116719691, , 460684496, 112273425, 466178
1689323801129909621, -0.9248521327972412, , , 
1689323803938315305, , 460684507, 112273413, 466473
1689323803952113667, -0.8364114761352539, , , 
1689323806778000544, , 460684515, 112273402, 466606
1689323806791730783, -0.8242539167404175, , , 
1689323809605248086, -0.843342661857605, , , 
1689323809644130384, , 460684518, 112273401, 466620
1689323812447319657, , 460684536, 112273397, 466566
1689323812460732711, -0.8784539103507996, , , 
1689323815279743922, , 460684547, 112273395, 466616
1689323815292979790, -0.89203941822052, , , 
1689323818100169547, , 460684563, 112273391, 466699
1689323818113788796, -0.8415569067001343, , , 
1689323820940442177, -0.8809540867805481, , , 
1689323820980464204, , 460684586, 112273365, 466537
1689323823783159211, , 460684593, 112273313, 466873
1689323823796786794, -0.943401038646698, , , 
1689323826606117000, -0.9918130040168762, , , 
1689323826645519659, , 460684571, 112273308, 466660
1689323829446606763, , 460684542, 112273314, 466544
1689323829459269668, -1.0581003427505493, , , 
1689323832275765798, , 460684539, 112273320, 466530
1689323832288334119, -1.0142854452133179, , , 
1689323835105354151, , 460684543, 112273321, 466867
1689323835117759662, -0.9611119627952576, , , 
1689323837952196564, , 460684548, 112273312, 467114
1689323837965697950, -0.9563398957252502, , , 
1689323840784485778, , 460684556, 112273303, 467285
1689323840796941184, -0.9832613468170166, , , 
1689323843609954064, -1.0276789665222168, , , 
1689323843645898005, , 460684548, 112273310, 467544
1689323846439931581, , 460684560, 112273294, 467794
1689323846452441570, -0.9734560251235962, , , 
1689323849279408905, , 460684573, 112273259, 468084
1689323849291927592, -0.987195611000061, , , 
1689323852109292672, -1.0212651491165161, , , 
1689323852145643953, , 460684594, 112273263, 468174
1689323854945260550, , 460684601, 112273264, 468330
1689323854957871372, -1.0479109287261963, , , 
1689323857773314751, -1.079638123512268, , , 
1689323857809570355, , 460684597, 112273296, 468047
1689323860614268781, , 460684583, 112273298, 467841
1689323860626805332, -1.0859583616256714, , , 
1689323863442841101, , 460684559, 112273265, 467798
1689323863456130458, -1.0437428951263428, , , 
1689323866273503976, -0.9898517727851868, , , 
1689323866315738692, , 460684535, 112273256, 467808
1689323869113673846, , 460684517, 112273261, 467945
1689323869127180128, -0.9226561784744263, , , 
1689323871948180227, -0.8908982872962952, , , 
1689323871987225858, , 460684498, 112273265, 468141
1689323874781914428, , 460684478, 112273261, 468314
1689323874795345606, -0.8771802186965942, , , 
1689323877620954829, , 460684459, 112273245, 468515
1689323877633835648, -0.8387741446495056, , , 
1689323880447547585, , 460684445, 112273218, 468647
1689323880460108876, -0.8497206568717957, , , 
1689323883287157148, , 460684422, 112273207, 468998
1689323883299952395, -0.9211474061012268, , , 
1689323886121157804, , 460684431, 112273219, 469059
1689323886133657637, -0.9190190434455872, , , 
1689323888941257963, -0.9041117429733276, , , 
1689323888977194404, , 460684446, 112273230, 469239
1689323891784065414, , 460684440, 112273227, 469454
1689323891796501810, -0.8947449326515198, , , 
1689323894608322983, -0.9238079786300659, , , 
1689323894644709731, , 460684441, 112273245, 469552
1689323897447918327, , 460684443, 112273243, 469754
1689323897460602377, -0.8877702355384827, , , 
1689323900274388844, , 460684443, 112273250, 469706
1689323900286848834, -0.879919171333313, , , 
1689323903115220636, , 460684454, 112273266, 469722
1689323903128131142, -0.8694379329681396, , , 
1689323905945900906, , 460684465, 112273264, 469705
1689323905958407614, -0.8722673058509827, , , 
1689323908789055905, , 460684487, 112273272, 469416
1689323908801707872, -0.8368855118751526, , , 
1689323911628667864, , 460684495, 112273274, 469297
1689323911641116708, -0.8181414008140564, , , 
1689323914447547878, , 460684499, 112273264, 469186
1689323914459905264, -0.7961497902870178, , , 
1689323917305419461, , 460684513, 112273255, 469102
1689323917317734035, -0.7881823778152466, , , 
1689323920115437421, , 460684517, 112273256, 468685
1689323920127787203, -0.7815837264060974, , , 
1689323922953599341, , 460684521, 112273269, 467989
1689323922965931311, -0.8431475162506104, , , 
1689323925785641161, , 460684533, 112273279, 467324
1689323925798229899, -0.8551943302154541, , , 
1689323928621269511, , 460684534, 112273277, 466647
1689323928634300120, -0.8540160059928894, , , 
1689323931448705696, , 460684539, 112273311, 466183
1689323931461323184, -0.8777836561203003, , , 
1689323934281653445, -0.8874767422676086, , , 
1689323934306560456, , 460684540, 112273342, 465935
1689323937113565735, , 460684542, 112273345, 465821
1689323937125900987, -0.89573734998703, , , 
1689323939956947816, , 460684552, 112273341, 465894
1689323939970169309, -0.8635888695716858, , , 
1689323942790544361, , 460684548, 112273419, 465580
1689323942803718459, -0.7977461814880371, , , 
1689323945626047087, , 460684872, 112273236, 466953
1689323945639273893, -0.533844530582428, , , 
1689323948450519446, , 460684922, 112273234, 466828
1689323948463872135, -0.855379581451416, , , 
1689323951286069619, -0.8602870106697083, , , 
1689323951325548058, , 460684962, 112273187, 467609
1689323954127144481, , 460684957, 112273190, 468038
1689323954140798001, -0.8115557432174683, , , 
1689323956947601356, -0.8487062454223633, , , 
1689323956986764277, , 460684918, 112273206, 468661
1689323959791828897, , 460684888, 112273203, 469265
1689323959805236534, -0.8274911046028137, , , 
1689323962631216587, -0.8054577112197876, , , 
1689323962667751043, , 460684871, 112273180, 469931
1689323965462498310, , 460684868, 112273182, 470358
1689323965474930540, -0.7377018928527832, , , 
1689323968281834830, 0.1351858228445053, , , 
1689323968317908822, , 460684866, 112273194, 471678
1689323971124695926, , 460684910, 112273127, 473903
1689323971137088052, 2.7347850799560547, , , 
1689323973959411315, , 460684997, 112273134, 475300
1689323973971954794, 4.701330184936523, , , 
1689323976785284130, 5.360065937042236, , , 
1689323976820294537, , 460685149, 112272984, 475431
1689323979622340175, 5.468338489532471, , , 
1689323979658259636, , 460685324, 112272463, 475124
1689323982454444130, 5.55344820022583, , , 
1689323982490570152, , 460685518, 112272000, 474816
1689323985290854243, , 460685819, 112271651, 476026
1689323985303360586, 6.950571060180664, , , 
1689323988125449269, , 460686341, 112271567, 477603
1689323988137930352, 8.932368278503418, , , 
1689323990956742658, , 460686678, 112271812, 476968
1689323990969305876, 8.564581871032715, , , 
1689323993792767411, , 460686940, 112272160, 478844
1689323993805678021, 9.915613174438477, , , 
1689323996628466749, , 460686899, 112272680, 475654
1689323996641025071, 7.864100456237793, , , 
1689323999459807638, , 460685967, 112272798, 475622
1689323999473190015, 9.623750686645508, , , 
1689324002283798178, , 460685175, 112272605, 473487
1689324002296748059, 9.168137550354004, , , 
1689324005129750756, , 460684893, 112272659, 473197
1689324005142239287, 8.000802993774414, , , 
1689324007956618093, , 460684507, 112272845, 471927
1689324007969875366, 6.24638032913208, , , 
1689324010798121544, , 460684051, 112272860, 472931
1689324010811562410, 6.87420654296875, , , 
1689324013621208759, 6.527388572692871, , , 
1689324013658172222, , 460683824, 112272962, 472756
1689324016454145363, , 460683818, 112273351, 473147
1689324016466611030, 6.1656880378723145, , , 
1689324019297766972, , 460684015, 112273739, 471427
1689324019309914517, 4.168360710144043, , , 
1689324022119274098, 5.127078056335449, , , 
1689324022155638451, , 460684228, 112273899, 472445
1689324024958174136, 5.903898239135742, , , 
1689324025006265361, , 460684340, 112273670, 473071
1689324027796212776, , 460684600, 112273223, 473998
1689324027808704693, 6.80877161026001, , , 
1689324030633792931, , 460684817, 112272696, 473791
1689324030646278701, 6.7136664390563965, , , 
1689324033461709581, , 460685107, 112272221, 475219
1689324033474210664, 7.964966297149658, , , 
1689324036299003904, , 460685440, 112271793, 476118
1689324036311734569, 8.693464279174805, , , 
1689324039128402207, , 460685914, 112271317, 477498
1689324039141187090, 10.212000846862793, , , 
1689324041957758115, , 460686510, 112271148, 478181
1689324041970307114, 10.994026184082031, , , 
1689324044792676679, , 460686774, 112271280, 478687
1689324044805216251, 11.589225769042969, , , 
1689324047624543761, , 460687164, 112271388, 481082
1689324047637284998, 13.659921646118164, , , 
1689324050461366058, 14.172307968139648, , , 
1689324050497825098, , 460687621, 112271471, 481926
1689324053301540095, , 460687950, 112271747, 481294
1689324053313916336, 14.145000457763672, , , 
1689324056131048085, , 460687939, 112271979, 481566
1689324056143508335, 14.799105644226074, , , 
1689324058971996802, , 460687660, 112272206, 481644
1689324058985135744, 15.137453079223633, , , 
1689324061795776094, 14.014891624450684, , , 
1689324061832032167, , 460686944, 112272473, 478866
1689324064629686126, , 460686029, 112272615, 475773
1689324064642387259, 10.785263061523438, , , 
1689324067461999090, , 460685280, 112272658, 473358
1689324067474438559, 8.564642906188965, , , 
1689324070289856261, 7.565523147583008, , , 
1689324070325830878, , 460684925, 112272585, 473300
1689324073131194610, , 460684744, 112272624, 473279
1689324073143484549, 6.921655178070068, , , 
1689324075961936286, , 460684391, 112272869, 472537
1689324075974389505, 6.325568199157715, , , 
1689324078796712352, , 460684078, 112273072, 472582
1689324078809584890, 5.918033599853516, , , 
1689324081621845798, , 460683993, 112273239, 471866
1689324081634158549, 5.002357482910156, , , 
1689324084466301098, , 460684024, 112273503, 471913
1689324084489352344, 4.677877426147461, , , 
1689324087289445448, , 460684159, 112273671, 470930
1689324087301902000, 3.618854284286499, , , 
1689324090126865760, , 460684183, 112273584, 471853
1689324090139397780, 4.448211193084717, , , 
1689324092958339304, , 460684486, 112273177, 472104
1689324092971886263, 4.820611953735352, , , 
1689324095802405024, , 460684850, 112272795, 472474
1689324095815949743, 5.3373308181762695, , , 
1689324098623937357, , 460685184, 112272337, 473960
1689324098637644679, 6.405813694000244, , , 
1689324101463114685, 6.0645551681518555, , , 
1689324101500161375, , 460685487, 112271920, 473291
1689324104294078963, , 460685987, 112271640, 474981
1689324104307072489, 7.563656806945801, , , 
1689324107130688501, 8.234535217285156, , , 
1689324107166768274, , 460686411, 112271663, 475604
1689324109963817030, , 460686802, 112271921, 475908
1689324109977427947, 8.680622100830078, , , 
1689324112798428098, , 460687086, 112272326, 476671
1689324112811064440, 9.368663787841797, , , 
1689324115632731303, , 460686818, 112272687, 475346
1689324115645046555, 8.832486152648926, , , 
1689324118463057046, 8.31114387512207, , , 
1689324118499724937, , 460685963, 112272797, 473838
1689324121338802839, , 460685074, 112272820, 472574
1689324121351424858, 7.109035968780518, , , 
1689324124143432932, , 460684400, 112272888, 470797
1689324124156070524, 5.3268232345581055, , , 
1689324126957254347, , 460683944, 112273029, 472524
1689324126969743867, 6.1188554763793945, , , 
1689324129801687719, , 460683762, 112273236, 473073
1689324129814222865, 6.302291393280029, , , 
1689324132632609654, , 460683737, 112273394, 473418
1689324132645069019, 5.947342872619629, , , 
1689324135471521255, , 460683876, 112273481, 472370
1689324135484069785, 4.406188488006592, , , 
1689324138306367164, , 460684067, 112273372, 473086
1689324138318784237, 4.629742622375488, , , 
1689324141132251436, , 460684291, 112273100, 472595
1689324141144679395, 4.542043685913086, , , 
1689324143968621915, , 460684614, 112272733, 473029
1689324143981289663, 5.571703910827637, , , 
1689324146803277461, , 460684841, 112272415, 473086
1689324146815679222, 5.987771511077881, , , 
1689324149641790471, , 460685083, 112272146, 473836
1689324149654418793, 6.936916351318359, , , 
1689324152464889926, , 460685591, 112271910, 474511
1689324152477391009, 7.959200859069824, , , 
1689324155314048724, , 460686237, 112271710, 475940
1689324155326429079, 9.51562213897705, , , 
1689324158129509447, 11.149253845214844, , , 
1689324158166041298, , 460686807, 112271866, 477963
1689324160964292856, , 460686888, 112272380, 477993
1689324160976839407, 11.244359016418457, , , 
1689324163800907811, , 460686299, 112272678, 476217
1689324163813357593, 10.158102035522461, , , 
1689324166632967183, , 460685297, 112272849, 473968
1689324166645573005, 8.186944007873535, , , 
1689324169462096687, 5.119028091430664, , , 
1689324169497713390, , 460684526, 112272841, 470316
1689324172301677396, , 460684741, 112272884, 468769
1689324172314093115, 2.827502965927124, , , 
1689324175128054216, 0.15776503086090088, , , 
1689324175164566328, , 460684774, 112272873, 466949
1689324177966279104, , 460684789, 112272809, 465863
1689324177978782479, -1.0769120454788208, , , 
1689324180802482917, , 460684764, 112272770, 465344
1689324180814853220, -1.6495206356048584, , , 
1689324183632816420, , 460684753, 112272759, 465207
1689324183645091672, -1.1853795051574707, , , 
1689324186463708823, -0.9942282438278198, , , 
1689324186499850522, , 460684741, 112272753, 465072
1689324189297380837, , 460684724, 112272726, 465134
1689324189310386342, -0.8183419108390808, , , 
1689324192135239687, , 460684710, 112272709, 465171
1689324192147589417, -0.7691829204559326, , , 
1689324194966559743, , 460684702, 112272716, 464980
1689324194978845567, -0.7711430191993713, , , 
1689324197802942669, -0.8005045652389526, , , 
1689324197838890620, , 460684704, 112272714, 464958
1689324200638874558, , 460684713, 112272718, 465030
1689324200651449494, -0.8289393782615662, , , 
1689324203467500315, , 460684717, 112272721, 465093
1689324203479717130, -0.8529796600341797, , , 
1689324206306320459, , 460684721, 112272731, 465111
1689324206318742636, -0.8480798602104187, , , 
1689324209130398029, , 460684723, 112272742, 465008
1689324209142998017, -0.9100525379180908, , , 
1689324211967466522, -1.0668082237243652, , , 
1689324212004257225, , 460684724, 112272759, 465198
1689324214806217916, , 460684738, 112272766, 465811
1689324214818673739, -1.0299352407455444, , , 
1689324217636875478, , 460684748, 112272774, 466217
1689324217649236197, -1.0010625123977661, , , 
1689324220480068393, , 460684758, 112272787, 466605
1689324220493405093, -0.9905628561973572, , , 
1689324223310178773, -1.0004472732543945, , , 
1689324223348475296, , 460684754, 112272808, 466878
1689324226144003129, , 460684745, 112272824, 467301
1689324226157456390, -0.9833115339279175, , , 
1689324228970791664, , 460684742, 112272837, 467901
1689324228984276175, -0.8982611894607544, , , 
1689324231815617377, , 460684726, 112272853, 468569
1689324231828990014, -0.948655366897583, , , 
1689324234636595809, -0.9610370993614197, , , 
1689324234676124091, , 460684710, 112272830, 469198
1689324237482236410, , 460684700, 112272802, 469739
1689324237495444414, -0.92293781042099, , , 
1689324240312584131, , 460684686, 112272793, 470029
1689324240325734531, -0.9373114705085754, , , 
1689324243145794118, , 460684676, 112272776, 470423
1689324243158117234, -0.894178569316864, , , 
1689324245975143046, -0.9260789752006531, , , 
1689324246011701981, , 460684675, 112272770, 470586
1689324248809934268, , 460684678, 112272768, 470595
1689324248822441809, -0.9554222822189331, , , 
1689324251641847027, -0.9141270518302917, , , 
1689324251678232942, , 460684676, 112272752, 470730
1689324254470390494, -0.9225249886512756, , , 
1689324254505718607, , 460684681, 112272724, 471056
1689324257315754900, , 460684681, 112272703, 471345
1689324257328252962, -0.9505723714828491, , , 
1689324260144744561, -0.9243767857551575, , , 
1689324260180563450, , 460684681, 112272701, 471358
1689324262978721259, , 460684657, 112272713, 470922
1689324262991286143, -0.915303111076355, , , 
1689324265807781231, , 460684639, 112272748, 470265
1689324265820366480, -0.9335581660270691, , , 
1689324268642240790, , 460684654, 112272755, 469988
1689324268654684477, -0.9444189667701721, , , 
1689324271482188423, , 460684686, 112272740, 469702
1689324271494735963, -0.9572411179542542, , , 
1689324274308729981, -0.9985576272010803, , , 
1689324274345645214, , 460684700, 112272726, 469655
1689324277143122769, , 460684710, 112272709, 469731
1689324277155568800, -1.0873303413391113, , , 
1689324279976917437, , 460684719, 112272661, 470027
1689324279989453624, -1.023801326751709, , , 
1689324282817275952, , 460684726, 112272617, 470126
1689324282829651099, -0.9710806012153625, , , 
1689324285649816986, , 460684726, 112272576, 470202
1689324285662360152, -0.9739938378334045, , , 
1689324288484110609, , 460684729, 112272550, 470344
1689324288496417214, -0.9845080971717834, , , 
1689324291318729853, , 460684727, 112272548, 470407
1689324291333570862, -1.0092030763626099, , , 
1689324294153784093, , 460684684, 112272569, 469563
1689324294166408561, -1.0423610210418701, , , 
1689324296972927959, -1.0087323188781738, , , 
1689324297008813150, , 460684677, 112272583, 469057
1689324299818276740, , 460684676, 112272598, 468712
1689324299830898187, -0.9405039548873901, , , 
1689324302643614247, -0.9729785323143005, , , 
1689324302679712509, , 460684677, 112272615, 468514
1689324305483535005, , 460684676, 112272666, 468482
1689324305495874683, -0.9808462262153625, , , 
1689324308313252836, , 460684674, 112272701, 468372
1689324308325598348, -1.0468870401382446, , , 
1689324311146871152, , 460684669, 112272720, 468173
1689324311159459682, -1.1138899326324463, , , 
1689324313976416798, -1.0530428886413574, , , 
1689324314013923849, , 460684666, 112272733, 468226
1689324316809045644, , 460684667, 112272736, 468034
1689324316821622455, -0.9913192987442017, , , 
1689324319644884460, , 460684668, 112272734, 467844
1689324319657122941, -0.9793172478675842, , , 
1689324322482542479, -0.8782090544700623, , , 
1689324322518556054, , 460684717, 112272654, 467070
1689324325308838779, -0.9754631519317627, , , 
1689324325345115528, , 460684738, 112272662, 467370
1689324328155844784, , 460684771, 112272666, 467989
1689324328168368159, -0.9516428709030151, , , 
1689324330981885774, , 460684744, 112272652, 468369
1689324330994333993, -0.8841949701309204, , , 
1689324333816338666, , 460684726, 112272664, 468490
1689324333828646313, -0.8257333636283875, , , 
1689324336641590184, , 460684730, 112272675, 468729
1689324336653935956, -0.8359159827232361, , , 
1689324339483782588, , 460684737, 112272675, 469029
1689324339496325858, -0.8368971347808838, , , 
1689324342316601328, , 460684738, 112272680, 469260
1689324342328946318, -0.8288772106170654, , , 
1689324345146236035, , 460684726, 112272675, 468597
1689324345158729826, -0.8839248418807983, , , 
1689324347985744453, , 460684723, 112272684, 468522
1689324347998040590, -0.8291385173797607, , , 
1689324692717805636, -0.17190054059028625, , , 
1689324693613580419, , 460685255, 112273093, 474104
1689324695514595020, 0.050506748259067535, , , 
1689324695617608916, , 460685075, 112272979, 476844
1689324698353919065, 0.005642012692987919, , , 
1689324698424093940, , 460684878, 112272908, 476265
1689324701191364742, 0.014882074669003487, , , 
1689324701297744545, , 460684802, 112272851, 475880
1689324704014694038, 0.01614692620933056, , , 
1689324704084740581, , 460684758, 112272808, 476329
1689324706859167566, 0.03465269133448601, , , 
1689324706963732803, , 460684716, 112272823, 476516
1689324709687408953, 0.03853883594274521, , , 
1689324709756775502, , 460684673, 112272825, 476631
1689324712524780255, 0.04028662294149399, , , 
1689324712616536078, , 460684657, 112272838, 476464
1689324715359888505, 0.03240427002310753, , , 
1689324715429234118, , 460684633, 112272852, 476205
1689324718194780664, 0.021268364042043686, , , 
1689324718287211220, , 460684623, 112272849, 476124
1689324721018631049, 2.2148420810699463, , , 
1689324721088806654, , 460684602, 112272848, 477539
1689324723860993868, 5.503475189208984, , , 
1689324723953158593, , 460684608, 112272855, 480143
1689324726695760715, 6.3023223876953125, , , 
1689324726765425647, , 460684694, 112272960, 480482
1689324729525283288, 7.25153112411499, , , 
1689324729617246296, , 460685151, 112272873, 480701
1689324732351784794, 8.178409576416016, , , 
1689324732421393633, , 460685747, 112272637, 480728
1689324735186764817, 9.091170310974121, , , 
1689324735280339893, , 460686320, 112272415, 481303
1689324738026225006, 10.38674545288086, , , 
1689324738108515499, , 460686890, 112272129, 482234
1689324740857689800, 11.611371040344238, , , 
1689324740951376855, , 460687320, 112271835, 483240
1689324743689174438, 12.05882740020752, , , 
1689324743758510207, , 460687596, 112271237, 483415
1689324746518470554, 12.719019889831543, , , 
1689324746611737978, , 460687425, 112270812, 483851
1689324749353745626, 12.315274238586426, , , 
1689324749423929564, , 460687285, 112270473, 483081
1689324752188608670, 11.751824378967285, , , 
1689324752281739480, , 460686933, 112270757, 482238
1689324755019687843, 10.769972801208496, , , 
1689324755089226787, , 460686033, 112271637, 480010
1689324757858764025, 9.374835014343262, , , 
1689324757951384424, , 460684936, 112272432, 477600
1689324760693318999, 7.352995872497559, , , 
1689324760762526228, , 460684117, 112273028, 475082
1689324763523447400, 6.280415058135986, , , 
1689324763616190141, , 460683792, 112273373, 475902
1689324766352997472, 6.500497341156006, , , 
1689324766421363249, , 460683627, 112273190, 477596
1689324769200870344, 5.523123264312744, , , 
1689324769292932154, , 460683737, 112273127, 477306
1689324772027576276, 3.3232638835906982, , , 
1689324772098433489, , 460684021, 112273605, 475133
1689324774863099627, 2.7305550575256348, , , 
1689324774955245759, , 460684142, 112273650, 474808
1689324777687611620, 1.8481407165527344, , , 
1689324777757423687, , 460684261, 112273402, 473574
1689324780519407714, 2.7485430240631104, , , 
1689324780611755666, , 460684440, 112273243, 474268
1689324783352508222, 3.0176591873168945, , , 
1689324783422572994, , 460684692, 112273219, 474260
1689324786204014498, 3.3104960918426514, , , 
1689324786298114935, , 460684976, 112273206, 474338
1689324789025680424, 4.632687568664551, , , 
1689324789095167702, , 460685413, 112273027, 475480
1689324791863395474, 6.481039524078369, , , 
1689324791956143214, , 460685912, 112272782, 477337
1689324794706006572, 6.133213043212891, , , 
1689324794775236560, , 460686345, 112272493, 476772
1689324797521996664, 7.28519344329834, , , 
1689324797614138161, , 460686678, 112272227, 477854
1689324800368432154, 7.560026168823242, , , 
1689324800448199233, , 460686735, 112271878, 478113
1689324803187411438, 6.97584342956543, , , 
1689324803279685069, , 460686457, 112271680, 476849
1689324806025092425, 7.216890335083008, , , 
1689324806105198303, , 460686267, 112271650, 477027
1689324808864112879, 7.526857376098633, , , 
1689324808956191876, , 460685878, 112271897, 476700
1689324811697020889, 7.32158899307251, , , 
1689324811766883268, , 460685275, 112272399, 475688
1689324814529826192, 3.734426736831665, , , 
1689324814623476685, , 460684534, 112273054, 472772
1689324817372072710, 1.8462848663330078, , , 
1689324817441625716, , 460684167, 112273467, 471578
1689324820193885301, 2.584932804107666, , , 
1689324820285800237, , 460684121, 112273340, 473217
1689324823025278117, 2.1725757122039795, , , 
1689324823095199453, , 460684249, 112273438, 473192
1689324825866315011, 4.017116069793701, , , 
1689324825959584309, , 460684479, 112273462, 475043
1689324828705719524, 5.049056053161621, , , 
1689324828775579610, , 460684774, 112273303, 475880
1689324831527998100, 6.722944736480713, , , 
1689324831620612613, , 460685432, 112272977, 477940
1689324834363301869, 6.177278518676758, , , 
1689324834432380453, , 460685765, 112272800, 477410
1689324837197792313, 8.246987342834473, , , 
1689324837290167141, , 460686229, 112272518, 479773
1689324840028001390, 8.672179222106934, , , 
1689324840097484188, , 460686666, 112272349, 480491
1689324842867742774, 8.841087341308594, , , 
1689324842960352339, , 460686830, 112272179, 480469
1689324845701469319, 7.619805812835693, , , 
1689324845771155292, , 460686600, 112271862, 478931
1689324848534570712, 8.161664962768555, , , 
1689324848641793945, , 460686128, 112271651, 478191
1689324851372731226, 7.74083137512207, , , 
1689324851443687969, , 460685862, 112271754, 477595
1689324854196595413, 5.6873779296875, , , 
1689324854291722976, , 460685313, 112272336, 474482
1689324857034911082, 3.701247453689575, , , 
1689324857104960438, , 460684653, 112272942, 472392
1689324859876268910, 2.956908941268921, , , 
1689324859968867486, , 460684375, 112272938, 472398
1689324862699566123, 2.6995322704315186, , , 
1689324862769855789, , 460684117, 112273033, 472875
1689324865530186863, 2.206057548522949, , , 
1689324865622170652, , 460683950, 112273245, 472613
1689324868364226685, 2.055678367614746, , , 
1689324868434022085, , 460684010, 112273372, 473272
1689324871196546159, 0.08906233310699463, , , 
1689324871290433785, , 460684239, 112273388, 471776
1689324874035516457, 1.9263174533843994, , , 
1689324874105971486, , 460684524, 112273375, 474029
1689324876876232937, 1.8232215642929077, , , 
1689324876969411403, , 460684819, 112273173, 473600
1689324879704245159, 4.045900821685791, , , 
1689324879773634417, , 460685172, 112272924, 476169
1689324882527384665, 3.85101318359375, , , 
1689324882619130748, , 460685517, 112272766, 475845
1689324885369876233, 4.332187652587891, , , 
1689324885439205022, , 460685852, 112272562, 476347
1689324888199923228, 5.504582405090332, , , 
1689324888292611021, , 460686184, 112272324, 477395
1689324891037818848, 6.102515697479248, , , 
1689324891108733196, , 460686366, 112271922, 478024
1689324893867759802, 7.3005242347717285, , , 
1689324893960157859, , 460686383, 112271663, 478824
1689324896702899875, 7.396883487701416, , , 
1689324896772174446, , 460686139, 112271642, 478419
1689324899532355729, 6.8612141609191895, , , 
1689324899624294728, , 460685786, 112271884, 477187
1689324902368418346, 4.836156368255615, , , 
1689324902438769991, , 460685225, 112272400, 474145
1689324905198590965, 2.405357599258423, , , 
1689324905291823649, , 460684625, 112272924, 471430
1689324908030275913, 1.1163077354431152, , , 
1689324908099771472, , 460684212, 112273304, 470305
1689324910872868261, 1.4726747274398804, , , 
1689324910965862770, , 460684003, 112273166, 472282
1689324913711996891, 1.1812353134155273, , , 
1689324913782197287, , 460683977, 112273202, 472754
1689324916536612477, -0.308790922164917, , , 
1689324916630368230, , 460684069, 112273421, 472064
1689324919365455785, -0.4478794038295746, , , 
1689324919437007731, , 460684272, 112273675, 471710
1689324922209922960, 0.997671365737915, , , 
1689324922313685652, , 460684489, 112273621, 473177
1689324925031706958, -0.6551342010498047, , , 
1689324925101480795, , 460684684, 112273262, 471609
1689324927874985862, -2.9161791801452637, , , 
1689324927967107827, , 460684819, 112273072, 469245
1689324930698125004, -5.128803253173828, , , 
1689324930767370825, , 460684870, 112273062, 466914
1689324933534123142, -5.566161155700684, , , 
1689324933629228517, , 460684699, 112273112, 466845
1689324936433131013, -5.778069972991943, , , 
1689324936505918624, , 460684671, 112273071, 467105
1689324939211887437, -5.767332077026367, , , 
1689324939307496194, , 460684679, 112273039, 467469
1689324942042409324, -5.681593894958496, , , 
1689324942114759231, , 460684690, 112273011, 467839
1689324944875344365, -5.508468151092529, , , 
1689324944970353803, , 460684703, 112272984, 468868
1689324947706182290, -5.519388198852539, , , 
1689324947778395063, , 460684718, 112272974, 469908
1689324950544156972, -5.565036296844482, , , 
1689324950639634583, , 460684724, 112272957, 470919
1689324953377968463, -5.560591697692871, , , 
1689324953450937219, , 460684723, 112272952, 471456
1689324956208505922, -5.619072437286377, , , 
1689324956304549674, , 460684723, 112272943, 471860
1689324959046015765, -5.683017253875732, , , 
1689324959118561765, , 460684723, 112272944, 471999
1689324961898520782, -5.768643379211426, , , 
1689324961992610282, , 460684711, 112272946, 471856
1689324964712944431, -5.8151421546936035, , , 
1689324964785814751, , 460684696, 112272937, 471536
1689324967544266310, -5.878105163574219, , , 
1689324967639430487, , 460684686, 112272925, 470908
1689324970374045287, -5.844632148742676, , , 
1689324970446226810, , 460684721, 112272913, 470713
1689324973219524483, -5.812959671020508, , , 
1689324973312731074, , 460684700, 112272893, 470963
1689324976043461117, -5.812205791473389, , , 
1689324976114036354, , 460684696, 112272886, 470801
1689324978873026450, -5.773379802703857, , , 
1689324978966162208, , 460684694, 112272887, 470868
1689324981710060255, -5.7930755615234375, , , 
1689324981780710074, , 460684675, 112272887, 470766
1689324984541910306, -5.723341941833496, , , 
1689324984636009129, , 460684666, 112272900, 470821
1689324987378201879, -5.731060028076172, , , 
1689324987448816282, , 460684639, 112272939, 470725
1689324990207992314, -5.6922101974487305, , , 
1689324990300697138, , 460684608, 112272966, 470886
1689324993051624704, -5.640489101409912, , , 
1689324993121180940, , 460684555, 112272995, 471726
1689324995872936311, -5.678500652313232, , , 
1689324995965042860, , 460684485, 112273000, 472289
1689324998714193932, -5.597347736358643, , , 
1689324998785596296, , 460684465, 112272995, 472350
1689325001539742218, -3.7941737174987793, , , 
1689325001635743470, , 460684531, 112273045, 473867
1689325004375185829, -0.7919739484786987, , , 
1689325004453732347, , 460684824, 112272890, 476328
1689325007209384192, 0.2988119125366211, , , 
1689325007303480723, , 460684935, 112272807, 476871
1689325010046540705, 1.3758803606033325, , , 
1689325010116715424, , 460685139, 112272352, 477375
1689325012878510807, 3.0389091968536377, , , 
1689325012971115060, , 460685554, 112271767, 478692
1689325015711655377, 4.395348072052002, , , 
1689325015781251612, , 460686019, 112271289, 480044
1689325018551192806, 5.386510848999023, , , 
1689325018643541644, , 460686513, 112271252, 480581
1689325021375252668, 8.14737319946289, , , 
1689325021446263161, , 460687035, 112271295, 483135
1689325024212461159, 7.446916580200195, , , 
1689325024305017079, , 460687519, 112271521, 482164
1689325027051131512, 4.634891033172607, , , 
1689325027124247350, , 460687557, 112272189, 477964
1689325029878371762, 3.322507858276367, , , 
1689325029973816457, , 460685982, 112272875, 475414
1689325032716551026, 0.4732836186885834, , , 
1689325032789334419, , 460684534, 112273072, 471940
1689325035544038825, -0.3660515248775482, , , 
1689325035639329980, , 460684227, 112273283, 471698
1689325038384867596, -0.7070652842521667, , , 
1689325038457403127, , 460684185, 112273348, 472195
1689325041216606658, 0.1096358373761177, , , 
1689325041312139686, , 460683987, 112273259, 473127
1689325044052499589, -0.41359424591064453, , , 
1689325044125463137, , 460684055, 112273602, 472319
1689325046876988770, 0.27917128801345825, , , 
1689325046969287036, , 460684325, 112273532, 473610
1689325049713859817, -0.2504645884037018, , , 
1689325049786018789, , 460684628, 112273092, 473351
1689325052554520204, 0.03891783580183983, , , 
1689325052649104803, , 460684888, 112272650, 473960
1689325055379637608, 1.007143259048462, , , 
1689325055451410750, , 460685240, 112272164, 474821
1689325058218970507, 2.8663878440856934, , , 
1689325058314564628, , 460685690, 112271848, 476622
1689325061053202620, 4.271222114562988, , , 
1689325061125991065, , 460686299, 112271750, 477839
1689325063882601495, 4.379889488220215, , , 
1689325063978412958, , 460686791, 112271901, 477690
1689325066710203096, 4.360574722290039, , , 
1689325066783334403, , 460686635, 112272152, 477044
1689325069547129507, 3.419613838195801, , , 
1689325069639949538, , 460686431, 112272579, 475255
1689325072385638403, 3.6897971630096436, , , 
1689325072455869840, , 460686148, 112272512, 474684
1689325075227510914, 5.386873722076416, , , 
1689325075319653035, , 460685972, 112272645, 477027
1689325078044024335, 3.674182415008545, , , 
1689325078113223074, , 460685519, 112272811, 474051
1689325080885772680, 2.9696459770202637, , , 
1689325080977856625, , 460684935, 112272684, 473736
1689325083719133186, 1.4610462188720703, , , 
1689325083792436731, , 460684420, 112272677, 472871
1689325086546057085, 0.7112995386123657, , , 
1689325086639424924, , 460684131, 112272648, 473152
1689325089385746074, 0.9049510955810547, , , 
1689325089456191729, , 460683966, 112272711, 473948
1689325092216448740, 0.40450337529182434, , , 
1689325092310078817, , 460683968, 112273140, 473602
1689325095053600357, 0.40999874472618103, , , 
1689325095123382371, , 460684276, 112273539, 474024
1689325097890504684, 0.6642042398452759, , , 
1689325097985069127, , 460684693, 112273307, 474531
1689325100720141058, 1.0892834663391113, , , 
1689325100790071457, , 460684783, 112272814, 475019
1689325103552547250, 1.7501490116119385, , , 
1689325103645443062, , 460685038, 112272243, 475649
1689325106392424675, 3.473325252532959, , , 
1689325106463010536, , 460685359, 112271933, 477037
1689325109218873474, 3.5765016078948975, , , 
1689325109311590954, , 460685671, 112272008, 476741
1689325112055920821, 3.956329345703125, , , 
1689325112126470016, , 460685791, 112272427, 476735
1689325114884872721, 3.7450127601623535, , , 
1689325114977434058, , 460685570, 112272584, 475705
1689325117717734899, 3.005127191543579, , , 
1689325117786921450, , 460685264, 112272851, 475411
1689325120549037142, 2.056410312652588, , , 
1689325120642061443, , 460684785, 112272958, 474253
1689325123381584322, -0.18015332520008087, , , 
1689325123451440190, , 460684278, 112273061, 471535
1689325126223218971, 0.6329396963119507, , , 
1689325126319226265, , 460683935, 112273180, 473209
1689325129063379831, 0.3747962415218353, , , 
1689325129133797829, , 460683867, 112273241, 473461
1689325131887583338, -0.00880751945078373, , , 
1689325131982083562, , 460683970, 112273565, 473586
1689325134723772255, -0.16681954264640808, , , 
1689325134793143388, , 460684220, 112273824, 473657
1689325137553691126, 1.1335874795913696, , , 
1689325137645528198, , 460684496, 112273740, 474878
1689325140390410403, 1.8908295631408691, , , 
1689325140459472112, , 460684727, 112273443, 475241
1689325143224936419, 0.4670613706111908, , , 
1689325143316943802, , 460684919, 112273217, 473777
1689325146048984146, 0.1421271413564682, , , 
1689325146118561319, , 460685052, 112272746, 473044
1689325148887991736, 0.8168059587478638, , , 
1689325148983352057, , 460685321, 112272136, 474161
1689325151721291513, 1.8859009742736816, , , 
1689325151807211035, , 460685733, 112272058, 475191
1689325154554578895, 2.1521458625793457, , , 
1689325154650434471, , 460685871, 112272492, 475417
1689325157396242866, 1.5499558448791504, , , 
1689325157468952145, , 460685680, 112272966, 474417
1689325160227934168, 1.287093997001648, , , 
1689325160321520339, , 460685215, 112273007, 473908
1689325163055457749, 0.33532485365867615, , , 
1689325163124393938, , 460684662, 112272749, 472717
1689325165884228974, 0.8159462809562683, , , 
1689325165976166774, , 460684521, 112272483, 473845
1689325168726407107, 0.586612343788147, , , 
1689325168795829073, , 460684271, 112272590, 473404
1689325171554139540, 0.5332204103469849, , , 
1689325171646289838, , 460683979, 112272799, 473632
1689325174395166486, -0.11603749543428421, , , 
1689325174464975740, , 460683856, 112273079, 473212
1689325177218648853, -0.4385415017604828, , , 
1689325177312029505, , 460683901, 112273543, 473209
1689325180058482842, 0.37723228335380554, , , 
1689325180128606780, , 460684126, 112273776, 473793
1689325182896269765, 0.5165213942527771, , , 
1689325182987318303, , 460684531, 112273515, 473750
1689325185718739746, 1.3531310558319092, , , 
1689325185787993328, , 460684863, 112273024, 474258
1689325188562032505, 0.6042903661727905, , , 
1689325188653954107, , 460685054, 112272621, 473258
1689325191399736877, 1.6734018325805664, , , 
1689325191470987367, , 460685342, 112271939, 474436
1689325194227331498, 3.829897165298462, , , 
1689325194320114447, , 460685797, 112271802, 476753
1689325197063457135, 3.1310203075408936, , , 
1689325197135396994, , 460685854, 112272273, 476004
1689325199887646007, 2.329638719558716, , , 
1689325199980208020, , 460685609, 112272730, 474770
1689325202726609482, 1.367447853088379, , , 
1689325202797997315, , 460685032, 112272950, 473502
1689325205562531214, -1.639678716659546, , , 
1689325205654698700, , 460684593, 112272963, 470839
1689325208390412708, -5.173175811767578, , , 
1689325208460682426, , 460684443, 112272914, 467713
1689325211229895866, -6.408891201019287, , , 
1689325211322544493, , 460684438, 112272867, 466927
1689325214068248930, -6.561909198760986, , , 
1689325214137266889, , 460684456, 112272847, 467657
1689325216888579660, -6.536888599395752, , , 
1689325216980872301, , 460684469, 112272837, 468164
1689325219726985953, -6.4338226318359375, , , 
1689325219796588386, , 460684472, 112272832, 468606
1689325222558991576, -6.356075763702393, , , 
1689325222658029519, , 460684476, 112272829, 469055
1689325225395762727, -6.39786434173584, , , 
1689325225465158079, , 460684480, 112272833, 469186
1689325228232327162, -6.423165321350098, , , 
1689325228341576157, , 460684478, 112272820, 469635
1689325231067886971, -6.442251682281494, , , 
1689325231137695964, , 460684462, 112272807, 469946
1689325233896806580, -6.5111470222473145, , , 
1689325233989165887, , 460684415, 112272815, 470248
1689325236728130698, -6.53423547744751, , , 
1689325236797364645, , 460684391, 112272830, 469941
1689325239570149041, -6.5262885093688965, , , 
1689325239663664067, , 460684390, 112272828, 469893
1689325242396123313, -6.508087158203125, , , 
1689325242466834538, , 460684388, 112272821, 469926
1689325245224590635, -6.472846984863281, , , 
1689325245317296657, , 460684390, 112272798, 469935
1689325248075285044, -6.474591255187988, , , 
1689325248147169852, , 460684397, 112272772, 470094
1689325250896158685, -6.4644927978515625, , , 
1689325250988222474, , 460684396, 112272770, 469957
1689325253736214338, -6.501980781555176, , , 
1689325253805854844, , 460684407, 112272755, 469585
1689325256564619994, -6.515028953552246, , , 
1689325256657160549, , 460684412, 112272754, 469226
1689325259396380931, -6.585501670837402, , , 
1689325259467043615, , 460684415, 112272754, 468842
1689325262226754485, -6.61937141418457, , , 
1689325262318789941, , 460684428, 112272750, 468332
1689325265067595443, -6.674921989440918, , , 
1689325265137036732, , 460684453, 112272729, 467864
1689325267901047980, -6.613447666168213, , , 
1689325267991986206, , 460684466, 112272716, 468032
1689325270735680401, -6.52268648147583, , , 
1689325270805579446, , 460684500, 112272682, 468049
1689325273569664235, -6.560563564300537, , , 
1689325273661932449, , 460684518, 112272656, 467935
1689325276401538348, -6.61069917678833, , , 
1689325276473678830, , 460684519, 112272647, 467851
