received_time, packet_text, rssi
1689841034275000724, 3, -98
1689841034297951297, 4, -84
1689841034358624838, 5, -95
1689841034554523588, 3, -96
1689841034706166713, 2, -99
1689841034747978276, 5, -97
1689841034863992598, 4, -84
1689841034943482807, 3, -97
1689841035060370202, 4, -84
1689841035100288848, 2, -101
1689841035498959577, 2, -101
1689841035579086504, 4, -83
1689841035708092494, 5, -96
1689841035849315671, 5, -95
1689841035963204942, 3, -97
1689841036095815671, 4, -83
1689841036265195671, 4, -81
1689841036347866035, 4, -83
1689841036434843014, 4, -84
1689841036463420983, 2, -100
1689841036542074785, 3, -97
1689841036706466608, 3, -98
1689841036980159004, 4, -82
1689841037001670618, 5, -95
1689841037054512285, 2, -100
1689841037588023795, 4, -80
1689841037659879733, &, -90
1689841037953669993, 3, -97
1689841037994467233, 2, -100
1689841038215536608, 4, -84
1689841038254882753, 3, -97
1689841038341198587, 5, -96
1689841038434038430, 3, -100
1689841038468267701, 4, -82
1689841038506423482, 3, -98
1689841038696657180, 2, -100
1689841038908195461, 5, -97
1689841039179536451, 2, -98
1689841039233245357, 5, -96
1689841039302887232, 4, -84
1689841039418949107, 3, -97
1689841039481294472, t, -84
1689841039568729211, 3, -97
1689841040108308273, 2, -101
1689841040147314732, 3, -99
1689841040218883742, 5, -91
1689841040324055357, 4, -83
1689841040420091503, 3, -96
1689841040443944263, 3, -97
1689841040509725669, 5, -96
1689841040607605096, 5, -95
1689841040805154002, 2, -99
1689841041046602700, 3, -96
1689841041223457961, 4, -84
1689841041451492492, 5, -96
1689841041487479054, 2, -99
1689841041604825252, 3, -95
1689841041643009679, 3, -96
1689841041949326294, 2, -99
1689841042024671762, 4, -85
1689841042382052648, 5, -96
1689841042435779002, 4, -83
1689841042543006137, 5, -95
1689841042577155304, 3, -96
1689841042596856085, 5, -96
1689841042697408377, 3, -96
1689841042752156970, 2, -99
1689841043221081658, 3, -94
1689841043300161501, 4, -84
1689841043414883897, 5, -96
1689841043441920043, 2, -98
1689841043658983168, 3, -96
1689841043837768012, 5, -95
1689841043965156605, 4, -83
1689841043992115043, 4, -83
1689841044045350980, 2, -98
1689841044216715824, 5, -95
1689841044328419834, 4, -82
1689841044512225720, 3, -96
1689841044840082907, 2, -97
1689841045017815147, 3, -97
1689841045120904626, 4, -83
1689841045220026657, 3, -91
1689841045316069730, 2, -98
1689841045404077699, 5, -95
1689841045469039521, 4, -83
1689841045820270771, 3, -97
1689841045965194834, 4, -83
1689841046009904000, 5, -95
1689841046143935823, 2, -99
1689841046482513688, 3, -96
1689841046753786344, 5, -96
1689841046800294990, 5, -96
1689841046917035615, 5, -95
1689841046981051448, 4, -84
1689841047186995250, 2, -99
1689841047217673739, 2, -99
1689841047325017958, 3, -97
1689841047420137958, 4, -83
1689841047452958583, 3, -97
1689841047533269937, 2, -99
1689841047679941812, 5, -96
1689841048012450406, 2, -97
1689841048077863010, 3, -96
1689841048327883374, 5, -95
1689841048770092749, 5, -95
1689841048792365406, 4, -83
1689841048914130249, 5, -95
1689841049030636083, 2, -100
1689841049157851239, 3, -96
1689841049239912489, 4, -83
1689841049940068166, 4, -81
1689841049992199884, 4, -85
1689841050042650197, 5, -96
1689841050120520249, 4, -84
1689841050270740509, 5, -96
1689841050550367280, 2, -100
1689841050905708946, 3, -97
1689841051053838321, 5, -95
1689841051181465300, 2, -100
1689841051428794832, 5, -95
1689841051541422175, 3, -96
1689841051608513529, 2, -100
1689841052030745873, , -88
1689841052108401342, 5, -95
1689841052452955040, 3, -96
1689841052783885039, 5, -91
1689841053142248633, 5, -93
1689841053218970925, 4, -84
1689841053251120091, 3, -97
1689841053728966966, 2, -101
1689841053934127643, 4, -84
1689841054045520820, 2, -101
1689841054071520924, 5, -97
1689841054187206341, 3, -96
1689841054324240872, 5, -95
1689841054427182747, 4, -84
1689841054490223216, 2, -100
1689841054531694622, 5, -95
1689841054700964674, 4, -84
1689841054942680455, 5, -95
1689841054966384466, 4, -84
1689841055085217486, 3, -97
1689841055183102747, 5, -95
1689841055254341341, 4, -84
1689841055369511861, 2, -100
1689841055821266809, 5, -95
1689841055847852486, 2, -100
1689841055904861028, 2, -101
1689841056077515715, 3, -96
1689841056159085872, 4, -84
1689841056774057955, 4, -76
1689841056800266913, 3, -93
1689841056906207642, 3, -96
1689841057463189829, 3, -97
1689841057617393683, 3, -99
1689841057733941444, 4, -84
1689841057821893527, 2, -98
1689841057856012954, 4, -84
1689841058176170610, 4, -84
1689841058256315975, 5, -96
1689841058417875714, 2, -99
1689841058564515350, 3, -99
1689841058681208214, 4, -84
1689841058868161912, 5, -96
1689841058978951652, 4, -82
1689841059383213839, 2, -99
1689841059446733162, 3, -98
1689841059554060610, 5, -97
1689841059883440974, 4, -84
1689841060126483943, 2, -98
1689841060166871599, 4, -85
1689841060376477484, 3, -99
1689841060429427589, 5, -97
1689841060557886078, 4, -85
1689841060780071599, 3, -98
1689841061088887380, 3, -96
1689841061177973005, 4, -84
1689841061271557745, 2, -99
1689841061343778838, 5, -96
1689841061708116078, 4, -84
1689841061812327744, 5, -97
1689841061959057953, 4, -82
1689841062129654619, 2, -100
1689841062258744463, 5, -97
1689841062322531755, 5, -96
1689841062573076077, 4, -85
1689841062896854254, 5, -97
1689841062962508577, 3, -97
1689841062992318161, 3, -97
1689841063058856598, 2, -99
1689841063319403681, 4, -84
1689841063403337431, 4, -85
1689841063442635556, 4, -84
1689841063657089671, 5, -96
1689841063812020244, 2, -98
1689841063845107587, 3, -99
1689841064059195556, 4, -84
1689841064601351806, 2, -98
1689841064631586129, 5, -96
1689841064707557847, 3, -98
1689841064742881962, 5, -95
1689841064917969722, 4, -84
1689841065014620868, 4, -84
1689841065238859462, 3, -99
1689841065632866076, 5, -97
1689841065793273159, 3, -98
1689841065855926232, 4, -84
1689841065961026284, 3, -98
1689841066270663628, 2, -99
1689841066502376597, 4, -84
1689841066557715399, 5, -94
1689841066746255190, 3, -97
1689841066876906805, 5, -90
1689841067023553003, 2, -100
1689841067092561440, 5, -95
1689841067397710398, 2, -100
1689841067452498523, 1, -89
1689841067507420659, 5, -96
1689841067665858107, 2, -100
1689841141479774932, 3, -97
1689841141919952953, 4, -82
1689841141950407849, 4, -84
1689841141987896599, 3, -96
1689841142269069932, 2, -100
1689841142351838005, 5, -95
1689841142408552796, 4, -84
1689841142553368161, 3, -96
1689841142941956598, 5, -96
1689841143006575296, 2, -99
1689841143115162744, 3, -97
1689841143181251077, t, -84
1689841143205688004, 3, -96
1689841143401535609, 3, -95
1689841143438066077, 2, -99
1689841143521822275, 5, -95
1689841143640054931, 5, -96
1689841143725504202, 2, -99
1689841143927011494, 4, -83
1689841144195848525, 3, -95
1689841144227251181, 5, -95
1689841144403254879, 3, -96
1689841144489659879, ], -83
1689841144640993785, 2, -100
1689841144926502275, 5, -95
1689841145066835347, 5, -96
1689841145103364775, 4, -84
1689841145191400191, 2, -100
1689841145377656858, 2, -100
1689841145556420764, 4, -84
1689841145833653003, 4, -84
1689841145883587795, 3, -97
1689841145927392170, 5, -95
1689841145969163524, 5, -95
1689841146203219566, 5, -94
1689841146334709982, 2, -100
1689841146372944514, 4, -84
1689841146512025399, 2, -99
1689841146554127326, 5, -96
1689841146672264514, 3, -96
1689841146694733836, 5, -96
1689841146859695191, 4, -84
1689841146975148576, 4, -83
1689841147396933211, 5, -87
1689841147537105034, 4, -84
1689841147695638419, 2, -100
1689841147723503836, 3, -97
1689841147821081857, 5, -95
1689841147890315086, 4, -83
1689841148040407378, 2, -100
1689841148075348575, 7, -90
1689841148173955190, 2, -101
1689841148370703627, 4, -84
1689841148481815919, 5, -95
1689841148514574982, 2, -100
1689841148636192794, 2, -101
1689841149054262742, , -81
1689841149251568106, 4, -84
1689841149306134460, 4, -84
1689841149331560971, 4, -83
1689841149457398679, 5, -96
1689841149749581752, 3, -95
1689841149902048262, 3, -95
1689841149972504721, 2, -100
1689841150102669356, 3, -96
1689841150202878991, 5, -88
1689841150300897689, 5, -96
1689841150444672325, 5, -95
1689841150762617064, 2, -101
1689841150855311595, 5, -96
1689841151058249095, 3, -96
1689841151093459824, 4, -84
1689841151217135241, 2, -101
1689841151291558001, , -83
1689841151333550137, 3, -96
1689841151732222689, 4, -84
1689841151942154928, 2, -101
1689841152078119511, 5, -95
1689841152350949355, 3, -92
1689841152557883626, 3, -96
1689841152765136907, 2, -95
1689841152793224199, 5, -96
1689841153182423678, 4, -84
1689841153504864511, 3, -92
1689841153876717323, 4, -77
1689841153905820917, 4, -82
1689841153941249875, 4, -83
1689841154035106229, 4, -84
1689841154062433782, 5, -96
1689841154112619511, 4, -83
1689841154209726854, 5, -96
1689841154382021229, 3, -97
1689841154671236125, 5, -96
1689841154769395708, 2, -101
1689841154800976021, 4, -84
1689841155060854146, 3, -96
1689841155209912896, 5, -95
1689841155433564458, 3, -96
1689841155532573781, 4, -83
1689841155579768625, 2, -100
1689841155795593781, 5, -91
1689841155894928729, 5, -95
1689841155940951854, 5, -95
1689841156043560187, 3, -97
1689841156101463052, 4, -84
1689841156246469249, 2, -100
1689841156332299770, t, -83
1689841156746513260, 4, -84
1689841156859149926, 5, -95
1689841156932813051, 3, -96
1689841156963393312, 5, -96
1689841157214440291, 2, -101
1689841157270753572, 2, -100
1689841157393863259, 4, -84
1689841157438042895, 3, -96
1689841157582107009, 2, -100
1689841162323290237, 4, -84
1689841162683009872, 4, -84
1689841162756924039, 2, -100
1689841162907743726, 5, -95
1689841163019252164, 3, -96
1689841163299047372, 3, -96
1689841163371039455, 2, -99
1689841163558962892, 4, -85
1689841163589150028, 3, -97
1689841163649662267, , -92
1689841163988068830, 2, -100
1689841164242098465, 5, -96
1689841164337253517, 3, -96
1689841164461298100, 2, -100
1689841164526097996, 3, -96
1689841165006988986, 4, -84
1689841165105458777, 5, -95
1689841165311006069, 3, -97
1689841165399507527, 2, -100
1689841165507642423, 5, -97
1689841165872590079, 3, -97
1689841165928925444, 4, -84
1689841166232873204, 5, -93
1689841166368784089, 2, -99
1689841166602867006, 4, -84
1689841166869602943, 3, -96
1689841167195935079, 5, -95
1689841167220806849, 2, -100
1689841167442858308, 5, -95
1689841167532289349, 4, -83
1689841167696715912, 5, -95
1689841167759525755, 3, -95
1689841168081295391, 2, -100
1689841168131695182, 5, -95
1689841168502581589, 4, -84
1689841168563698047, 2, -100
1689841168702640234, 5, -96
1689841168727888516, 3, -97
1689841168768634713, 5, -95
1689841169208872578, 4, -84
1689841169319927630, 3, -96
1689841169451065338, 5, -95
1689841169533852057, 3, -92
1689841169682802942, 2, -100
1689841169829320078, 5, -94
1689841169906250494, 3, -98
1689841170044864713, 4, -81
1689841170228762942, 3, -97
1689841170306403879, 5, -96
1689841170523223046, 4, -80
1689841170701981015, 2, -102
1689841170776317681, 2, -102
1689841170844362004, 5, -98
1689841171221785962, 3, -106
1689841171357444973, 3, -106
1689841171518765077, 4, -80
1689841171541624348, 5, -100
1689841171584120494, 3, -102
1689841171824519035, 4, -86
1689841171895553671, 2, -110
1689841172040165129, 5, -100
1689841172275823045, 2, -107
1689841172397593827, 3, -104
1689841172619451587, 4, -84
1689841172832182524, 5, -99
1689841172904233097, 2, -105
1689841173115613566, 3, -104
1689841173265445910, 4, -87
1689841173333758618, 5, -98
1689841173585819764, 2, -106
1689841173752516430, 5, -96
1689841173861493357, 3, -103
1689841174073611390, 4, -82
1689841174234443027, 3, -98
1689841174376282756, 2, -103
1689841174591096915, 2, -100
1689841174618654323, 4, -84
1689841174672828939, 3, -98
1689841174691980734, 4, -83
1689841174731407289, d, -93
1689841174758574150, 3, -97
1689841174782296811, 3, -96
1689841175194281467, 4, -84
1689841175264970629, 4, -85
1689841175309143376, 5, -96
1689841175432489376, 3, -92
1689841175611383945, 2, -99
1689841175761209205, 5, -96
1689841176072702884, 4, -84
1689841176144292851, 4, -84
1689841176194436673, 2, -100
1689841176289780043, 3, -96
1689841176335711801, 5, -97
1689841176418645298, 3, -96
1689841176574028591, 4, -84
1689841176827769760, 5, -97
1689841176993500589, 2, -98
1689841177128243742, 3, -96
1689841177596336734, 4, -84
1689841177768810960, 2, -101
1689841177821004507, 5, -97
1689841177964019282, 3, -97
1689841178086086397, 4, -85
1689841178222984862, 5, -97
1689841178310926899, 2, -102
1689841178648442875, 2, -101
1689841178760400881, 3, -97
1689841178849089306, 2, -101
1689841178904510290, 4, -84
1689841178932402272, 3, -97
1689841179213081305, 5, -97
1689841179625485817, 2, -101
1689841179771387043, 4, -84
1689841179849132784, 3, -97
1689841180002247455, 4, -83
1689841180025442692, 3, -96
1689841180058996509, , -95
1689841180330343184, 5, -97
1689841180393241605, 4, -85
1689841180543951767, 2, -101
1689841180777622737, 5, -97
1689841180827510132, 3, -96
1689841180919289947, 2, -102
1689841181065907665, 5, -97
1689841181216324194, 4, -84
1689841181460723316, 5, -98
1689841181511674952, 2, -102
1689841181555433008, 5, -97
1689841181680749175, 3, -96
1689841181810244750, 4, -84
1689841182009979195, 5, -98
1689841182083717718, 2, -100
1689841182214485035, 2, -101
1689841182255584482, 3, -97
1689841182462658897, 4, -83
1689841182512210171, 5, -98
1689841182650636427, 4, -84
1689841183003933481, 3, -96
1689841183272569092, 5, -98
1689841183322066323, 4, -84
1689841183353539538, 2, -102
1689841183448990729, 4, -84
1689841183487454414, 3, -96
1689841183752175884, 3, -96
1689841183819028782, 5, -97
1689841183892977914, 4, -82
1689841183939983476, 5, -93
1689841183993913601, 3, -93
1689841184042960815, 2, -102
1689841184221564857, 3, -96
1689841184353019745, 5, -97
1689841184427207820, 3, -96
1689841184645103126, 4, -84
1689841184751893539, 3, -96
1689841184814767273, 4, -84
1689841184943226584, 2, -101
1689841185004397231, 5, -97
1689841185087723421, 2, -101
1689841185179023209, 2, -101
1689841185292640515, 2, -102
1689841185324478653, 4, -84
1689841185486834237, 3, -91
1689841185675010092, 2, -101
1689841185752517374, 3, -96
1689841185850591347, 4, -85
1689841185991384322, 3, -96
1689841186034346391, 4, -84
1689841186265569221, 2, -99
1689841186302515320, 5, -93
1689841186682431393, 4, -83
1689841186941194544, 5, -92
1689841186986058770, 3, -97
1689841187487683739, 3, -91
1689841187559765130, 4, -85
1689841187753238452, 2, -101
1689841187909722760, 5, -95
1689841188013938214, 3, -96
1689841188057683895, 4, -84
1689841188131479587, 2, -102
1689841188197427122, 5, -94
1689841188290225921, 2, -101
1689841188516217762, 3, -97
1689841188776337166, 2, -100
1689841188985700695, 4, -84
1689841189017387419, 5, -96
1689841189168223655, 3, -97
1689841189213663226, 2, -100
1689841189462877342, 3, -96
1689841189600504996, 3, -97
1689841189624442637, 4, -84
1689841189790184664, 5, -97
1689841189864423972, 4, -84
1689841190039789410, 2, -100
1689841190249434392, 5, -96
1689841190558169131, 3, -97
1689841190632687129, 2, -100
1689841190669683103, 4, -85
1689841190940833669, 2, -100
1689841191008443526, 2, -100
1689841191199827054, 3, -94
1689841191651883922, 4, -85
1689841191768867292, 4, -84
1689841191905902126, 2, -100
1689841192077918568, 3, -98
1689841192288438554, 2, -99
1689841192352176560, 4, -84
1689841192501575750, 5, -95
1689841192917718396, 5, -96
1689841193060840124, 5, -90
1689841193264536804, 4, -84
1689841193287390826, 2, -96
1689841193358069723, 5, -95
1689841193463729567, 3, -94
1689841193487203646, 3, -94
1689841193654302688, 3, -94
1689841193796405716, 4, -80
1689841193954816771, 5, -93
1689841194238715304, 2, -91
1689841194413890143, 4, -89
1689841194434011535, 3, -93
1689841194534596464, 2, -85
1689841194681641870, 5, -112
1689841194719735863, 3, -90
1689841195393509319, 4, -83
1689841195448682332, 2, -95
1689841195482037804, 5, -93
1689841195511578936, 3, -86
1689841195700482530, 4, -76
1689841195888075452, 5, -88
1689841196052356174, 5, -90
1689841196410910564, 3, -87
1689841196459738009, 3, -89
1689841196512219474, 5, -94
1689841196833791105, 3, -82
1689841196894493241, 3, -87
1689841197096268166, 3, -88
1689841197193683441, 5, -107
1689841197243217675, 3, -87
1689841197393961085, 2, -89
1689841197418827122, 4, -90
1689841197623044155, 5, -93
1689841197642883728, 2, -86
1689841197794599197, 4, -89
1689841198206458037, 3, -89
1689841198312742365, 4, -84
1689841198386821338, 2, -93
1689841198462197038, 5, -89
1689841198605665949, 3, -91
1689841198731839686, 4, -87
1689841199048855339, 4, -90
1689841199247490115, 5, -92
1689841199352057505, 5, -99
1689841199395926549, 2, -90
1689841199512725869, 3, -86
1689841199930224036, 2, -88
1689841200006213116, 4, -97
1689841200067761063, 2, -91
1689841200223752183, 4, -99
1689841200273953380, 5, -82
1689841200348633412, 3, -85
1689841200700781974, 2, -90
1689841200759355775, 5, -86
1689841200943521666, 3, -91
1689841201039036101, 4, -93
1689841201235563563, 2, -89
1689841201280366185, 5, -88
1689841201453259238, 5, -91
1689841201572559579, 5, -101
1689841201600817495, 2, -89
1689841201672736558, 2, -92
1689841201947148815, 4, -91
1689841202054359084, 3, -94
1689841202131962506, 3, -101
1689841202269235761, 5, -98
1689841202301682080, 4, -95
1689841202602662130, 4, -96
1689841202652092101, 2, -111
1689841202720712399, 3, -95
1689841202787383338, 5, -99
1689841202946527288, 3, -96
1689841203333581350, 5, -98
1689841203422366264, 3, -97
1689841203483199588, 4, -96
1689841203601864083, 2, -112
1689841203766637573, 5, -97
1689841203966548942, 2, -110
1689841204274170163, 5, -98
1689841204347324201, U, -95
1689841204423912079, 3, -97
1689841204510694953, 5, -97
1689841204681959201, 4, -98
1689841204940788838, 2, -105
1689841205007222191, 3, -98
1689841205119847566, 5, -101
1689841205230087603, 4, -98
1689841205323130047, 4, -97
1689841205596634840, 5, -100
1689841205617976988, 3, -97
1689841205786417528, 4, -96
1689841205886225886, 2, -97
1689841206155050472, 5, -93
1689841206326176092, 5, -98
1689841206377282687, 2, -98
1689841206445337915, 3, -98
1689841206894905546, 4, -101
1689841207192551400, 5, -97
1689841207276445716, 2, -103
1689841207388506987, 3, -98
1689841207577538487, 2, -102
1689841207628813080, 2, -103
1689841207739613481, 2, -104
1689841207790036764, 5, -93
1689841207849976975, 3, -99
1689841207891216478, 4, -107
1689841208013386648, 2, -101
1689841208326749945, 5, -97
1689841208559184232, 2, -103
1689841208845455452, 3, -96
1689841208882398963, 4, -98
1689841209125380212, 5, -98
1689841209240040887, 2, -101
1689841209352983955, 4, -98
1689841209412720199, 2, -102
1689841209584224384, 3, -98
1689841209628078174, 2, -102
1689841209702305795, 3, -98
1689841210063418183, 3, -98
1689841210109026904, 5, -98
1689841210323395540, 4, -99
1689841210386352833, 3, -97
1689841210527842657, 2, -101
1689841210665072959, 4, -98
1689841210709543905, 2, -102
1689841210791059163, 2, -102
1689841210835729444, 5, -98
1689841210869370639, 5, -98
1689841210890847161, 4, -100
1689841210922224369, 3, -98
1689841210979542372, 4, -100
1689841211072995461, 4, -100
1689841211608854769, 5, -99
1689841211629922075, 2, -102
1689841211720923858, 3, -94
1689841211855393140, 4, -100
1689841212284356725, 3, -98
1689841212372802855, 5, -99
1689841212586691972, 2, -98
1689841212707895731, 3, -97
1689841212925118198, 5, -99
1689841212990316461, 4, -99
1689841213103301280, 4, -99
1689841213244855372, 3, -98
1689841213321653101, 2, -102
1689841213617829991, 5, -98
1689841213805132653, 4, -98
1689841213886827389, 2, -101
1689841213954911779, 3, -98
1689841214133473188, 3, -98
1689841214410276793, 3, -97
1689841214551717223, 5, -98
1689841214587299619, 5, -99
1689841214715277667, 4, -97
1689841214900079544, 2, -101
1689841214970353202, 3, -93
1689841215088858110, 2, -101
1689841215678014011, 5, -95
1689841215703084401, 4, -98
1689841215909145408, 2, -101
1689841215979497464, 3, -97
1689841216042268603, 2, -102
1689841216120859030, 5, -99
1689841216235732466, 2, -101
1689841216474402560, 5, -98
1689841216518529633, 4, -97
1689841216610722529, 3, -97
1689841216708824515, 2, -101
1689841217013987157, 4, -98
1689841217090367359, 5, -98
1689841217154858364, 4, -98
1689841217192249710, 3, -97
1689841217319884640, 5, -98
1689841217348847546, 2, -101
1689841217608489652, 3, -97
1689841217820204705, 2, -101
1689841217860127500, 5, -98
1689841217906892686, 3, -96
1689841218039044759, 4, -98
1689841218351648843, 2, -101
1689841218431043554, 5, -99
1689841218549341712, 3, -97
1689841218759698618, 3, -97
1689841218938576713, 5, -99
1689841218993954644, 4, -98
1689841219219797112, 3, -97
1689841219240505866, 2, -101
1689841219277630732, 5, -98
1689841219305053560, 4, -98
1689841219438963743, 3, -97
1689841219639478719, 4, -98
1689841219930922621, 4, -98
1689841220103040857, 3, -96
1689841220148921907, 2, -101
1689841220176280666, 2, -102
1689841220233854680, 5, -98
1689841220548898503, 4, -98
1689841220650056515, 5, -98
1689841220792213761, 2, -102
1689841220834718456, 3, -97
1689841220966272718, 5, -99
1689841221036226863, 3, -96
1689841221060506106, 2, -102
1689841221168856320, 4, -98
1689841221311492836, 5, -98
1689841221484932638, 2, -101
1689841221508611291, 5, -98
1689841221717594203, 4, -98
1689841221961152749, 3, -96
1689841222366105949, 2, -102
1689841222417742139, 4, -96
1689841222804069373, 3, -97
1689841222948437605, 5, -98
1689841223047717582, 3, -97
1689841223112542770, 4, -98
1689841223149488604, 4, -98
1689841223371198295, 3, -93
1689841223470989162, 4, -98
1689841223509592695, 3, -97
1689841223970455802, 5, -98
1689841224165670207, 2, -101
1689841224320139873, 4, -98
1689841224417348385, 4, -97
1689841224494818562, 3, -96
1689841224636355681, 3, -97
1689841224791800267, 5, -98
1689841224995712256, 2, -101
1689841225047398542, 5, -99
1689841225225710125, 4, -98
1689841225250802560, 2, -100
1689841225299413437, 3, -96
1689841225707301810, 3, -92
1689841225774418985, 3, -96
1689841226027246328, 4, -98
1689841226240176251, 3, -96
1689841226308051421, 3, -97
1689841226408564514, 5, -99
1689841226542049702, 4, -98
1689841226609057510, 2, -102
1689841226689304554, 3, -97
1689841226756724714, 5, -99
1689841226819552852, 3, -92
1689841226941659000, 2, -97
1689841227501487628, 4, -95
1689841227692424185, 3, -97
1689841227780958057, U, -95
1689841227812945091, 3, -92
1689841228178457579, 4, -97
1689841228292411081, 4, -97
1689841228338737141, 2, -102
1689841228582336516, 5, -98
1689841228629051125, 3, -97
1689841228840469336, 2, -102
1689841228963423576, 3, -97
1689841229017080445, 4, -97
1689841229143376997, 4, -98
1689841229406211163, 5, -98
1689841229765242352, 3, -98
1689841229800742964, 2, -102
1689841230029065166, 4, -98
1689841230089793439, 5, -98
1689841230686382820, 3, -93
1689841230730574211, 5, -98
1689841230898489581, 2, -101
1689841231016164242, 4, -97
1689841231090804487, 4, -97
1689841231449532214, 3, -97
1689841231617479707, 2, -101
1689841231733900637, 5, -98
1689841231901915787, 3, -94
1689841232010769780, 4, -98
1689841232263809836, 3, -97
1689841232429657504, 5, -98
1689841232492014379, 4, -93
1689841232851995170, 5, -99
1689841233046735564, 4, -98
1689841233089783116, 5, -98
1689841233116735975, 3, -96
1689841233167084562, 2, -100
1689841233525685743, 5, -99
1689841233570091803, 2, -100
1689841233710702322, 2, -101
1689841233831553306, 3, -96
1689841233973501863, 5, -93
1689841234048533355, 2, -100
1689841234213835731, 5, -98
1689841234649982374, 3, -96
1689841234722384319, 2, -100
1689841234880203737, 4, -96
1689841234982296001, 5, -98
1689841235466715238, 4, -97
1689841235571529277, 3, -92
1689841235611740268, 2, -100
1689841235634466316, 5, -98
1689841235794483865, 5, -98
1689841236029644419, 4, -98
1689841236071217948, 2, -101
1689841236092972666, 5, -98
1689841236134561404, 2, -100
1689841236256973841, 3, -96
1689841236369499763, 3, -96
1689841236784902081, 2, -101
1689841236839967946, 4, -97
1689841236960231817, 5, -97
1689841237281166093, 3, -96
1689841237366646295, 3, -95
1689841237450556429, 2, -100
1689841237576432776, 4, -98
1689841237734566799, 2, -99
1689841237859212456, 3, -91
1689841238155727030, 5, -98
1689841238237749956, 3, -95
1689841238518773864, 5, -98
1689841238599509070, 4, -97
1689841238705063838, 3, -95
1689841238729375166, 5, -94
1689841238819178480, 3, -95
1689841239096362562, 5, -97
1689841239382048218, 3, -95
1689841239438259611, 2, -100
1689841239479967957, 2, -100
1689841239522941054, 4, -98
1689841239569238504, 3, -95
1689841239598323663, 2, -99
1689841239922165340, 2, -100
1689841239957103781, 5, -97
1689841240008660185, 4, -98
1689841240156159980, 5, -99
1689841240255894419, 3, -95
1689841240333895445, 4, -98
1689841240696709093, 4, -98
1689841240829460999, 5, -98
1689841240895771822, 2, -100
1689841241004830663, 4, -98
1689841241199485808, 3, -94
1689841241272728213, 3, -95
1689841241440657048, 5, -91
1689841241486332775, 5, -97
1689841241860553613, 2, -101
1689841242086204329, 2, -100
1689841242154146293, 4, -97
1689841242321839261, 5, -98
1689841242349694729, 3, -90
1689841242438809352, 4, -98
1689841242529761539, 2, -100
1689841242882365260, 5, -98
1689841243212737993, 3, -90
1689841243276585262, 4, -97
1689841243486958815, 4, -98
1689841243514224370, 5, -99
1689841243870407378, 3, -94
1689841243973267419, 2, -100
1689841244256758200, 5, -97
1689841244382317511, 4, -98
1689841244457792849, 5, -98
1689841244623860134, 5, -98
1689841244831229409, 3, -89
1689841245305713750, 5, -97
1689841245701322428, 3, -91
1689841245852299293, 2, -100
1689841246050660288, 4, -97
1689841246089252958, 2, -99
1689841246324213893, 5, -98
1689841246487718688, 5, -99
1689841246532535300, 3, -93
1689841246848342118, 2, -105
1689841246912495039, 5, -98
1689841247047991119, 4, -98
1689841247138201293, 3, -94
1689841247171695589, 2, -100
1689841247574337500, 2, -92
1689841247831899306, 4, -92
1689841248038639528, 5, -87
1689841248080254895, 3, -82
1689841248365772485, 5, -86
1689841248406788578, 3, -87
1689841248435606327, 3, -88
1689841248589894608, 4, -96
1689841248647734952, 2, -97
1689841248719114636, 5, -85
1689841249164682884, 2, -83
1689841249276498570, 3, -84
1689841249387375554, 5, -81
1689841249423264475, 2, -83
1689841249787809328, 5, -84
1689841249814419350, 3, -87
1689841249837145135, 5, -84
1689841250015141031, 5, -81
1689841250073743375, 2, -79
1689841250128957422, 4, -87
1689841250188490395, 5, -80
1689841250504425133, 2, -77
1689841250582318031, 4, -87
1689841250803439743, 3, -79
1689841250885538858, 4, -83
1689841251173234520, 3, -85
1689841251289887714, 2, -79
1689841251334908162, 4, -84
1689841251672805508, 4, -87
1689841251753130895, 3, -80
1689841251849038430, 5, -78
1689841252001152709, 4, -98
1689841252044746008, 2, -79
1689841252311745697, 5, -79
1689841252410154936, 2, -78
1689841252740130444, 3, -85
1689841252923937255, 5, -77
1689841253038608896, 2, -86
1689841253298616254, 4, -93
1689841253401395016, 4, -89
1689841253628098294, 2, -73
1689841253726017194, 4, -78
1689841253783726468, 5, -76
1689841254030792265, 4, -84
1689841254104564550, 5, -77
1689841254182406692, 2, -79
1689841254267955475, 5, -78
1689841254380713102, 3, -85
1689841254591776014, 3, -86
1689841254729500393, 5, -77
1689841254955264346, 4, -87
1689841255234843071, 5, -78
1689841255276684872, 4, -92
1689841255446275991, 2, -81
1689841255573105566, 3, -86
1689841255646545646, 5, -81
1689841255897771403, 5, -80
1689841256187357352, 4, -90
1689841256356851874, 5, -80
1689841256659181797, 5, -78
1689841256848503254, 2, -98
1689841256878269177, 3, -85
1689841256899940596, 4, -85
1689841257231697963, 4, -95
1689841257284240664, 7, -73
1689841257463291431, 2, -78
1689841257538431018, 5, -79
1689841257847711685, 4, -83
1689841257907625292, 2, -83
1689841257966144468, 4, -83
1689841258021960874, 3, -88
1689841258237637019, 3, -80
1689841258331245549, 5, -80
1689841258556736043, 5, -78
1689841258579760166, 3, -84
1689841258622278300, 2, -75
1689841259130603900, 5, -90
1689841259162316010, 3, -85
1689841259190543320, 4, -84
1689841259398221701, 2, -76
1689841259609641341, 3, -84
1689841259753445240, 5, -78
1689841259848859227, 3, -84
1689841260001584972, 4, -84
1689841260138446647, 2, -78
1689841260197003502, 2, -77
1689841260410776188, 5, -81
1689841260624371894, 3, -87
1689841260836481347, 2, -80
1689841260900740872, 4, -87
1689841261019212814, 5, -74
1689841261040648382, 5, -74
1689841261122980280, 3, -85
1689841261280470572, ;, -80
1689841261506294920, 2, -79
1689841261552000228, 4, -79
1689841261600526845, 4, -78
1689841261835543348, 2, -81
1689841261953020740, 3, -84
1689841261985729926, 5, -74
1689841262092881504, 5, -79
1689841262175352037, 4, -84
1689841262629651301, 3, -83
1689841262824584982, 3, -84
1689841262947873203, 4, -83
1689841262979026965, 2, -81
1689841263070017092, 5, -78
1689841263305836816, 3, -85
1689841263432423778, 2, -79
1689841263460262686, 5, -76
1689841263510719189, 5, -77
1689841263594753100, 5, -78
1689841263772165108, 4, -83
1689841263860918611, 2, -79
1689841263882052871, 2, -79
1689841264194518605, 3, -83
1689841264254766006, 2, -86
1689841264462027108, 5, -84
1689841264836280646, 2, -84
1689841264978324652, 3, -83
1689841265008898197, 4, -79
1689841265358660298, 3, -89
1689841265380908825, 5, -86
1689841265468133504, 2, -84
1689841265639959054, 3, -89
1689841265868730222, 4, -99
1689841265936075335, 3, -85
1689841266039386184, 2, -78
1689841266326742264, 2, -71
1689841266385943712, 4, -78
1689841266406639943, 3, -82
1689841266477829118, 2, -76
1689841266862830196, 5, -80
1689841266882960436, 3, -83
1689841267098640509, 5, -84
1689841267178121616, 3, -82
1689841267302348259, 4, -79
1689841267735857131, <, -74
1689841267822509343, 3, -79
1689841267998075489, 5, -84
1689841268052645410, 4, -77
1689841268102077562, 5, -87
1689841268255889026, 3, -78
1689841268314506139, 3, -79
1689841268363270686, 4, -79
1689841268617576039, 2, -76
1689841268681890608, 3, -78
1689841269021489465, 5, -85
1689841269360497043, 4, -76
1689841269621108112, 2, -83
1689841269667076765, 3, -81
1689841269778458942, 4, -78
1689841270223097369, 5, -85
1689841270363893427, 2, -79
1689841270436959714, 2, -81
1689841270509358500, 3, -87
1689841270604816377, 4, -83
1689841270755714791, 2, -81
1689841270791693220, 4, -89
1689841271099588590, 3, -84
1689841271333595056, 5, -84
1689841271552472443, 2, -84
1689841271657794751, 3, -88
1689841271699257507, 4, -85
1689841271783492186, 3, -85
1689841271897525546, 3, -89
1689841271941712368, 2, -86
1689841272063663233, 5, -89
1689841272142341651, 3, -90
1689841272265568086, 4, -94
1689841272359420582, 2, -85
1689841272415282465, 4, -94
1689841272916329878, 5, -91
1689841273047059965, 3, -82
1689841273093359751, 4, -84
1689841273113651698, 2, -89
1689841273201130380, 2, -89
1689841273359790957, 3, -85
1689841273523560809, 5, -85
1689841273669668612, 3, -97
1689841273828472366, 4, -79
1689841273957145464, 5, -85
1689841273994448002, 2, -85
1689841274286593279, 3, -85
1689841274431833625, 5, -87
1689841274589168148, 2, -83
1689841274637809652, 4, -77
1689841275025972883, 4, -76
1689841275250450269, 3, -85
1689841275312129334, 5, -81
1689841275503197264, 2, -82
1689841275655067033, 4, -74
1689841275901988971, 3, -88
1689841275960877929, 3, -85
1689841276013424278, 4, -75
1689841276063241298, 3, -86
1689841276217815645, 5, -81
1689841276266777248, 4, -76
1689841276353609456, 3, -75
1689841276470775074, 3, -83
1689841276913258514, 4, -78
1689841276987223680, 4, -76
1689841277058780403, 4, -78
1689841277123966548, 5, -86
1689841277414128128, 5, -88
1689841277766277777, 2, -87
1689841277916805654, 3, -78
1689841278022554226, 4, -77
1689841278285878376, 3, -82
1689841278403228045, 2, -78
1689841278445249690, 5, -77
1689841278481805863, 4, -84
1689841278553493415, 3, -79
1689841278843998366, 3, -83
1689841278870099062, 5, -80
1689841278920756235, 4, -84
1689841279152231397, 2, -84
1689841279260259961, 4, -85
1689841279540673798, 5, -81
1689841279762161189, 3, -83
1689841279942178448, 2, -79
1689841280059558474, 3, -86
1689841280230305823, 5, -78
1689841280268491681, 4, -86
1689841280636213531, 2, -75
1689841280744041621, 3, -82
1689841280824991412, 3, -85
1689841280858765444, 2, -87
1689841281211887486, 2, -76
1689841281278976589, 4, -89
1689841281343327148, 3, -81
1689841281370170914, 5, -80
1689841281739852230, 5, -79
1689841281815101286, 2, -75
1689841281952151108, 4, -78
1689841282239655491, 5, -80
1689841282312062094, 5, -75
1689841282369005668, 2, -75
1689841282436777893, 5, -82
1689841282486261775, 2, -75
1689841282641035144, 5, -79
1689841282805780289, 2, -74
1689841282859571882, 3, -83
1689841283055383032, 5, -77
1689841283227918592, 5, -75
1689841283312306189, 4, -86
1689841283520704267, 2, -79
1689841283738701935, 5, -76
1689841283784412167, 2, -71
1689841284155895067, 2, -73
1689841284214185825, 4, -86
1689841284498218309, 3, -91
1689841284661601203, 5, -82
1689841284812637892, 5, -86
1689841284858836977, 2, -75
1689841284986138811, 4, -94
1689841285108159494, 4, -85
1689841285219464754, 4, -81
1689841285479561749, 2, -79
1689841285516089631, 2, -79
1689841285786162464, 5, -88
1689841285822119721, 3, -84
1689841285853322183, 2, -76
1689841286013160226, 4, -79
1689841286288213835, 3, -84
1689841286444421091, 3, -84
1689841286541557852, 2, -71
1689841286653974255, 5, -86
1689841286803741143, 4, -79
1689841287089783297, 4, -77
1689841287364281846, 5, -92
1689841287424304527, 4, -81
1689841287460393969, 2, -81
1689841287517927638, 3, -90
1689841287579851153, 3, -90
1689841287604249704, 5, -89
1689841287627969401, 2, -83
1689841287756993621, 3, -87
1689841287851730899, 4, -85
1689841287925344106, 5, -94
1689841287997218354, 4, -84
1689841288180076393, 5, -89
1689841288228113078, 2, -84
1689841288543702157, 2, -82
1689841288672587154, 3, -84
1689841288884701454, 5, -85
1689841288979632376, 4, -81
1689841289338399380, 2, -93
1689841289490101726, 5, -91
1689841289641946625, 5, -87
1689841289672155646, 3, -83
1689841289817745125, 4, -79
1689841290044478383, 5, -89
1689841290065506515, 3, -84
1689841290102910121, 2, -86
1689841290591637629, 5, -86
1689841290611054094, 4, -87
1689841290752650860, 3, -79
1689841290828754011, 2, -84
1689841291289850097, 5, -81
1689841291403180289, 4, -73
1689841291476198802, 2, -79
1689841291567970706, 3, -79
1689841291658222557, 5, -84
1689841291992578027, 4, -79
1689841292049447159, 2, -75
1689841292151420158, 4, -73
1689841292388252467, 4, -76
1689841292477514212, 3, -79
1689841292503277814, 5, -86
1689841292750105178, 2, -92
1689841293158137536, 4, -77
1689841293230524483, 4, -73
1689841293267805535, 5, -98
1689841293292274864, 3, -78
1689841293560135668, 4, -79
1689841293663093925, 2, -80
1689841293695498726, 4, -76
1689841293804445423, 2, -78
1689841293883884976, 3, -83
1689841294180097920, 5, -80
1689841294252158980, 2, -81
1689841294459037523, 3, -81
1689841294621006628, 4, -89
1689841294666190181, 5, -86
1689841294743436243, 4, -79
1689841294942461503, 2, -90
1689841295188086564, 3, -81
1689841295225784385, 5, -90
1689841295456881160, 2, -92
1689841295516807894, 5, -84
1689841295548309308, 4, -83
1689841295643081362, 3, -83
1689841295779362385, 3, -80
1689841296008734680, 2, -84
1689841296192197430, 3, -80
1689841296289385630, 3, -79
1689841296371309346, 5, -86
1689841296444104259, 4, -83
1689841296624239716, 4, -80
1689841296917194314, 5, -84
1689841296974335681, 2, -81
1689841297251663814, 4, -77
1689841297310265025, 4, -80
1689841297776659916, 5, -84
1689841297970314072, 2, -82
1689841298012816269, 3, -86
1689841298072841385, 4, -73
1689841298197677035, 5, -78
1689841298247826316, 3, -82
1689841298285057938, 3, -81
1689841298565516275, 4, -77
1689841298651953584, 3, -84
1689841298865876752, 2, -83
1689841298947681977, 3, -87
1689841299091842161, 5, -80
1689841299263893495, 4, -85
1689841299464433272, 2, -79
1689841299485319058, 3, -90
1689841300108135476, 5, -82
1689841300225360548, 4, -79
1689841300371447345, 3, -83
1689841300451466630, 2, -86
1689841300524564247, 2, -88
1689841300551930085, 4, -89
1689841300946397446, 5, -84
1689841301028421419, 4, -87
1689841301061278247, 3, -84
1689841301326715843, 2, -73
1689841301382744550, 2, -77
1689841301417304087, 2, -76
1689841301576475780, 4, -84
1689841301638060842, 4, -90
1689841301678697047, 2, -76
1689841301781933887, 4, -94
1689841301921267816, 3, -85
1689841302189352077, 2, -89
1689841302234788907, 4, -87
1689841302583537346, 2, -81
1689841302612234747, 3, -84
1689841302684403977, 4, -84
1689841302767829927, 5, -78
1689841303049845074, 3, -88
1689841303284949223, 5, -83
1689841303365086735, 2, -79
1689841303422187212, 4, -85
1689841303726657516, 2, -79
1689841303917517700, 5, -81
1689841303942005620, 2, -76
1689841303994760472, 3, -84
1689841304093323298, 2, -76
1689841304290779523, 4, -84
1689841304579101333, 4, -82
1689841304693190671, 5, -79
1689841304778336568, 2, -76
1689841304963377479, 3, -84
1689841305324275598, 3, -83
1689841305420509048, 2, -79
1689841305508672184, 4, -90
1689841305873871658, 3, -83
1689841305951212188, 3, -81
1689841306618454039, 4, -78
1689841306648082793, 4, -85
1689841306913283085, 2, -95
1689841306958220538, 3, -84
1689841307239050726, 4, -82
1689841307371323189, 5, -86
1689841307395802254, 5, -86
1689841307652714002, 2, -80
1689841307734718177, 2, -82
1689841307841051054, 3, -89
1689841308015905553, 4, -81
1689841308233590940, 5, -90
1689841308652318744, 3, -85
1689841308942185754, 2, -81
1689841308965044246, 2, -79
1689841309031842430, 4, -88
1689841309059616443, 5, -95
1689841309485588672, 3, -83
1689841309732875780, 2, -93
1689841309882181211, 4, -83
1689841310055113572, 2, -84
1689841310440008659, 3, -88
1689841310532520647, 5, -91
1689841310591692944, 4, -85
1689841310781043743, 2, -83
1689841310819444997, 4, -86
1689841310962509124, 5, -89
1689841311016764181, 4, -90
1689841311112664658, 5, -102
1689841311336405876, 3, -83
1689841311373417910, 4, -85
1689841311482251149, 2, -93
1689841311566574437, 3, -86
1689841311593040794, 4, -80
1689841311722199659, 3, -84
1689841311908813425, 3, -84
1689841311963063534, 5, -86
1689841312101308754, 2, -81
1689841312200498189, 4, -79
1689841312492707015, 2, -85
1689841312557664416, 3, -84
1689841312689644895, 4, -89
1689841312857340794, 5, -83
1689841313021434193, 3, -85
1689841313097159303, 5, -83
1689841313213578791, 5, -93
1689841313306928954, 3, -83
1689841313343544738, 2, -82
1689841313593585955, 5, -87
1689841313665552002, 4, -75
1689841313739858518, 3, -81
1689841313797468054, 4, -74
1689841314146144069, 3, -84
1689841314173904592, 2, -91
1689841314420882005, 5, -85
1689841314540449930, 4, -78
1689841314646404000, 4, -76
1689841314921005010, 2, -78
1689841314957442252, 4, -75
1689841314999389494, 3, -79
1689841315180819559, 3, -74
1689841315336336131, 5, -91
1689841315408981553, 4, -79
1689841315537039270, 4, -77
1689841315753026263, 4, -70
1689841315801431267, 5, -90
1689841315907297263, 4, -71
1689841315932742369, 5, -85
1689841315996288727, 2, -83
1689841316379328335, 3, -82
1689841316520764437, 2, -79
1689841316793928517, 5, -85
1689841316833588103, 2, -79
1689841316864877323, 4, -81
1689841317115999995, 2, -79
1689841317144251403, 4, -80
1689841317179789374, 2, -81
1689841317209620417, 3, -78
1689841317293573234, 2, -82
1689841317455394025, 3, -76
1689841317569789865, 5, -95
1689841317629044140, 3, -78
1689841317728419510, 3, -82
1689841317751821282, 2, -83
1689841317777019982, 5, -93
1689841317823331547, 4, -83
1689841317923365563, 2, -84
1689841317978432129, 2, -90
1689841318153670055, 5, -90
1689841318184295630, 3, -78
1689841318314305585, 4, -84
1689841318344287826, 2, -92
1689841318390168974, 5, -95
1689841318622348362, 3, -81
1689841318720221284, 5, -88
1689841318797585715, 4, -83
1689841319070325157, 4, -84
1689841319225313186, 3, -78
1689841319326185743, 2, -91
1689841319427344915, 3, -76
1689841319492640908, 2, -91
1689841319595606070, 4, -81
1689841319664414146, 3, -80
1689841319742799567, 3, -79
1689841320138736722, 3, -78
1689841320276205323, 5, -91
1689841320300208345, 2, -88
1689841320485709916, 4, -84
1689841320695121332, 4, -84
1689841320724944719, 5, -87
1689841320782291389, 5, -88
1689841321271325370, 5, -88
1689841321454649857, 4, -81
1689841321541142465, 5, -91
1689841321569524394, 3, -80
1689841321675860857, 5, -95
1689841321864946074, 2, -82
1689841322188011400, 3, -85
1689841322303640520, 4, -86
1689841322460274953, 5, -97
1689841322480735058, 3, -89
1689841322863287314, 2, -84
1689841322950705859, 4, -84
1689841323045971853, ~, -85
1689841323447295671, 5, -94
1689841323470073536, 2, -89
1689841323563336613, 3, -90
1689841323786162872, 5, -90
1689841323824150842, 4, -89
1689841323853400062, 3, -95
1689841324141610542, 5, -92
1689841324235489660, 3, -90
1689841324293329610, 2, -91
1689841324450815241, 4, -90
1689841324679335249, 2, -92
1689841324979397344, 4, -91
1689841325032548387, 3, -93
1689841325146753964, 5, -93
1689841325168420423, 4, -90
1689841325197390685, 3, -98
1689841325351192461, 2, -93
1689841325457928923, 5, -95
1689841325479527257, 2, -92
1689841325886073104, 4, -88
1689841326076487069, 4, -93
1689841326103082956, 4, -92
1689841326195676813, 5, -98
1689841326302562233, 5, -96
1689841326384768590, 2, -94
1689841326440935987, 4, -93
1689841326500064166, 3, -96
1689841326633281306, 5, -99
1689841327042281684, 2, -95
1689841327071521477, 4, -94
1689841327363811798, 2, -94
1689841327493565187, 3, -99
1689841327590090034, 5, -98
1689841327737042747, 5, -103
1689841327812712958, 4, -98
1689841328299135368, 2, -91
1689841328332272348, 5, -98
1689841328414457506, 5, -98
1689841328434354174, 2, -98
1689841328809595382, u, -94
1689841329041353305, 4, -98
1689841329363445293, 2, -95
1689841329413838159, 3, -97
1689841329875733067, t, -92
1689841330290288963, 5, -94
1689841330320798287, 3, -95
1689841330341044433, 2, -95
1689841330488049750, 3, -91
1689841330634849337, 2, -88
1689841330885348510, 4, -101
1689841330906559187, 5, -95
1689841331078538671, 2, -85
1689841331145922318, 3, -99
1689841331307855291, 5, -90
1689841331558794151, 4, -95
1689841331586277485, 5, -93
1689841331628864777, 4, -95
1689841331728651550, 4, -92
1689841331803249573, 2, -83
1689841332120579789, 4, -94
1689841332155244008, 2, -91
1689841332233003385, 3, -96
1689841332260386354, 5, -96
1689841332456405786, 2, -86
1689841332494684016, 3, -99
1689841332743000271, 2, -95
1689841332773001678, 3, -103
1689841332868534805, 5, -95
1689841333162036322, 3, -100
1689841333288584241, 5, -93
1689841333355947732, 4, -95
1689841333516086173, 2, -95
1689841333727775865, 4, -98
1689841333819277794, 5, -89
1689841333916047431, 4, -101
1689841334059079621, 2, -91
1689841334136173894, 4, -97
1689841334331829470, 5, -94
1689841334652559841, 4, -103
1689841334701433540, 2, -92
1689841335026435213, 5, -89
1689841335246200686, 2, -94
1689841335328941000, 4, -97
1689841335550527774, 3, -110
1689841335888531895, 3, -98
1689841335946754136, 5, -92
1689841335981399761, 2, -92
1689841336022131585, 4, -94
1689841336192669140, 5, -92
1689841336228338464, 5, -92
1689841336287383621, 3, -96
1689841336324418726, 5, -95
1689841336386982893, 3, -98
1689841336410006540, 5, -96
1689841336640180918, 2, -94
1689841336706482170, 3, -96
1689841336758264566, 4, -94
1689841336937880351, 5, -93
1689841336970839362, 2, -90
1689841337002235143, 5, -92
1689841337220042751, 4, -94
1689841337552882548, 3, -98
1689841337609976976, 2, -94
1689841337758930259, 5, -93
1689841338115544640, 3, -93
1689841338238672506, =, -89
1689841338299973289, 5, -95
1689841338347253602, 5, -95
1689841338390658915, 3, -99
1689841338537225011, 2, -88
1689841338746749493, 4, -94
1689841338852972411, 5, -95
1689841338886923141, 2, -93
1689841338994116424, 3, -100
1689841339024529810, 3, -99
1689841339082806321, 2, -91
1689841339173407416, 3, -101
1689841339412634346, 4, -90
1689841339532380494, 3, -101
1689841339558049192, 2, -95
1689841339676567683, 4, -97
1689841339749891174, 5, -95
1689841339810356071, 4, -94
1689841339884662842, 4, -93
1689841340163160346, 3, -96
1689841340211133732, 2, -88
1689841340700371082, 5, -90
1689841340841401449, d, -90
1689841340965038169, 4, -96
1689841341006140253, 3, -104
1689841341170607755, 2, -90
1689841341269753537, 3, -99
1689841341437938748, 5, -91
1689841341837368180, 4, -95
1689841341879559951, 2, -91
1689841341972687817, 3, -103
1689841342410737613, 3, -92
1689841342644867824, 4, -91
1689841342693673971, 3, -99
1689841342799618764, 2, -89
1689841342893717619, 5, -87
1689841343339875072, 2, -89
1689841343688415700, 4, -87
1689841343737984815, 5, -89
1689841343961703047, 2, -89
1689841344065584663, 3, -101
1689841344109921121, 4, -94
                                                                                                                                                                                                                                                                                                                                                                                                                                              