"Vector of SNIR per node LoRaNetworkTest.networkServer.app[0] ($0=""avg"", #1 - General-1-20230420-16:34:44-14298)",,"Vector of RSSI per node LoRaNetworkTest.networkServer.app[0] ($0=""avg"", #1 - General-1-20230420-16:34:44-14298)",,"Received Sequence number LoRaNetworkTest.networkServer.app[0] ($0=""avg"", #1 - General-1-20230420-16:34:44-14298)",,"Vector of SNIR per node LoRaNetworkTest.networkServer.app[0] ($0=""avg"", #1 - General-1-20230420-16:34:44-14298)",,"Vector of RSSI per node LoRaNetworkTest.networkServer.app[0] ($0=""avg"", #1 - General-1-20230420-16:34:44-14298)",,"Received Sequence number LoRaNetworkTest.networkServer.app[0] ($0=""avg"", #1 - General-1-20230420-16:34:44-14298)",,"Vector of SNIR per node LoRaNetworkTest.networkServer.app[0] ($0=""avg"", #1 - General-1-20230420-16:34:44-14298)",,"Vector of RSSI per node LoRaNetworkTest.networkServer.app[0] ($0=""avg"", #1 - General-1-20230420-16:34:44-14298)",,"Received Sequence number LoRaNetworkTest.networkServer.app[0] ($0=""avg"", #1 - General-1-20230420-16:34:44-14298)",,"Vector of SNIR per node LoRaNetworkTest.networkServer.app[0] ($0=""avg"", #1 - General-1-20230420-16:34:44-14298)",,"Vector of RSSI per node LoRaNetworkTest.networkServer.app[0] ($0=""avg"", #1 - General-1-20230420-16:34:44-14298)",,"Received Sequence number LoRaNetworkTest.networkServer.app[0] ($0=""avg"", #1 - General-1-20230420-16:34:44-14298)",,"Vector of SNIR per node LoRaNetworkTest.networkServer.app[0] ($0=""avg"", #1 - General-1-20230420-16:34:44-14298)",,"Vector of RSSI per node LoRaNetworkTest.networkServer.app[0] ($0=""avg"", #1 - General-1-20230420-16:34:44-14298)",,"Received Sequence number LoRaNetworkTest.networkServer.app[0] ($0=""avg"", #1 - General-1-20230420-16:34:44-14298)",,"Vector of SNIR per node LoRaNetworkTest.networkServer.app[0] ($0=""avg"", #1 - General-1-20230420-16:34:44-14298)",,"Vector of RSSI per node LoRaNetworkTest.networkServer.app[0] ($0=""avg"", #1 - General-1-20230420-16:34:44-14298)",,"Received Sequence number LoRaNetworkTest.networkServer.app[0] ($0=""avg"", #1 - General-1-20230420-16:34:44-14298)",,"Vector of SNIR per node LoRaNetworkTest.networkServer.app[0] ($0=""avg"", #1 - General-1-20230420-16:34:44-14298)",,"Vector of RSSI per node LoRaNetworkTest.networkServer.app[0] ($0=""avg"", #1 - General-1-20230420-16:34:44-14298)",,"Received Sequence number LoRaNetworkTest.networkServer.app[0] ($0=""avg"", #1 - General-1-20230420-16:34:44-14298)",,"Vector of SNIR per node LoRaNetworkTest.networkServer.app[0] ($0=""avg"", #1 - General-1-20230420-16:34:44-14298)",,"Vector of RSSI per node LoRaNetworkTest.networkServer.app[0] ($0=""avg"", #1 - General-1-20230420-16:34:44-14298)",,"Received Sequence number LoRaNetworkTest.networkServer.app[0] ($0=""avg"", #1 - General-1-20230420-16:34:44-14298)",,"Vector of SNIR per node LoRaNetworkTest.networkServer.app[0] ($0=""avg"", #1 - General-1-20230420-16:34:44-14298)",,"Vector of RSSI per node LoRaNetworkTest.networkServer.app[0] ($0=""avg"", #1 - General-1-20230420-16:34:44-14298)",,"Received Sequence number LoRaNetworkTest.networkServer.app[0] ($0=""avg"", #1 - General-1-20230420-16:34:44-14298)",,"Vector of SNIR per node LoRaNetworkTest.networkServer.app[0] ($0=""avg"", #1 - General-1-20230420-16:34:44-14298)",,"Vector of RSSI per node LoRaNetworkTest.networkServer.app[0] ($0=""avg"", #1 - General-1-20230420-16:34:44-14298)",,"Received Sequence number LoRaNetworkTest.networkServer.app[0] ($0=""avg"", #1 - General-1-20230420-16:34:44-14298)",,"Calculated SNRmargin in ADR LoRaNetworkTest.networkServer.app[0] ($0=""avg"", #1 - General-1-20230420-16:34:44-14298)",,"Calculated SNRmargin in ADR LoRaNetworkTest.networkServer.app[0] ($0=""avg"", #1 - General-1-20230420-16:34:44-14298)",,"Calculated SNRmargin in ADR LoRaNetworkTest.networkServer.app[0] ($0=""avg"", #1 - General-1-20230420-16:34:44-14298)",,"Calculated SNRmargin in ADR LoRaNetworkTest.networkServer.app[0] ($0=""avg"", #1 - General-1-20230420-16:34:44-14298)",,"Calculated SNRmargin in ADR LoRaNetworkTest.networkServer.app[0] ($0=""avg"", #1 - General-1-20230420-16:34:44-14298)",,"Calculated SNRmargin in ADR LoRaNetworkTest.networkServer.app[0] ($0=""avg"", #1 - General-1-20230420-16:34:44-14298)",,"Calculated SNRmargin in ADR LoRaNetworkTest.networkServer.app[0] ($0=""avg"", #1 - General-1-20230420-16:34:44-14298)",,"Calculated SNRmargin in ADR LoRaNetworkTest.networkServer.app[0] ($0=""avg"", #1 - General-1-20230420-16:34:44-14298)",,"Calculated SNRmargin in ADR LoRaNetworkTest.networkServer.app[0] ($0=""avg"", #1 - General-1-20230420-16:34:44-14298)",,"Calculated SNRmargin in ADR LoRaNetworkTest.networkServer.app[0] ($0=""avg"", #1 - General-1-20230420-16:34:44-14298)",
206.37142362417,4.80068348315439939,206.37142362417,-125.1993165168499895,207.57142362417,0,424.06456430358,10.62641141459300082,424.06456430358,-113.3735885854100043,425.26456430358,0,490.9652408199,4.76880344015200029,490.9652408199,-119.2311965598499903,492.1652408199,0,505.54061543793,5.4025505152423001,505.54061543793,-118.5974494847600052,506.74061543793,0,543.4891577292,5.872139830615200375,543.4891577292,-121.1278601693799993,544.6891577292,0,756.48164780157,4.714359723836299285,756.48164780157,-122.2856402761599947,757.68164780157,1,774.04785331748,7.921555878584600265,774.04785331748,-116.0784441214200053,775.24785331748,0,1108.04312498055,4.15584368091769994,1108.04312498055,-122.844156319079985,1109.24312498055,0,1872.91175245007,6.47217546285950004,1872.91175245007,-117.5278245371399913,1874.11175245007,0,2741.95280284376,9.20988615060119994,2741.95280284376,-120.7901138494000005,2743.15280284376,0,17570.31875835243,5.11655980273119935,17776.74642892157,-2.54747540754249967,19284.17900825756,1.430888613202800025,19588.48448263578,-2.794398179423000157,20493.47806761224,-0.667967786956420003,21166.83193286723,-1.862946009627299828,21955.61068700995,2.235064498917299847,23760.67403264818,1.063175304817399966,26975.51248465112,-4.822510842793299425,29881.76642194103,-1.297875625961599772
207.57142362417,3.020427031197599795,207.57142362417,-125.1993165168499895,583.39061628207,1,425.26456430358,11.5515733853089983,425.26456430358,-113.3735885854100043,2048.58592348216,1,492.1652408199,2.998336309291199857,492.1652408199,-119.2311965598499903,1022.83288938517,1,506.74061543793,3.469405411259499405,506.74061543793,-118.5974494847600052,1183.17456647944,1,544.6891577292,3.865573924593499892,544.6891577292,-121.1278601693799993,1312.33665458931,1,757.68164780157,2.960983398288799845,757.68164780157,-122.2856402761599947,4105.52925205983,2,775.24785331748,6.196630322515099785,775.24785331748,-116.0784441214200053,2256.90462882179,1,1109.24312498055,2.603660581616799687,1109.24312498055,-122.844156319079985,1650.40174129285,1,1874.11175245007,4.438309115209399625,1874.11175245007,-117.5278245371399913,3526.13750728536,1,2743.15280284376,8.336593301265299485,2743.15280284376,-120.7901138494000005,3037.12494866103,1,43673.53071070481,10.36475880428199755,42170.27806534108,2.473698658078699695,39107.11263050933,2.666735818550399975,35638.91072630992,3.960172581982699375,37753.88071767472,-0.201648238884629959,35615.35111758467,1.308819734685999765,47825.26405444587,-2.56120675758449944,46053.87244231659,0.081861391807379002,51624.06413253787,12.4071721678010007,50541.33913391838,0.175105208598219984
583.39061628207,4.46932186576630029,583.39061628207,-123.4975836776199851,3207.67766641503,2,2048.58592348216,6.898257440021300335,2048.58592348216,-115.6126060198199918,2687.40293430051,2,1022.83288938517,2.377323526037200087,1022.83288938517,-120.2391171182999863,1095.49121231756,2,1183.17456647944,6.59720767097750025,1183.17456647944,-115.8063984471399972,1349.62885509667,2,1312.33665458931,6.870784172992699705,1312.33665458931,-118.629936934249997,1389.18421741761,2,4105.52925205983,15.96974007670199916,4105.52925205983,-114.9670215237599957,5962.40617256406,3,2256.90462882179,1.616706437173399895,2256.90462882179,-121.9136883246799806,2818.96722671427,2,1650.40174129285,1.704355568662599733,1650.40174129285,-124.6843979607199907,3732.5005382898,3,3526.13750728536,2.421750864544999425,3526.13750728536,-120.158705365520006,7817.37270966382,3,3037.12494866103,2.545134834781300087,3037.12494866103,-125.942892048989989,3511.81823981178,2,67012.7011902035,4.182033422905799805,66575.7833156451,-2.14798536907599934,66676.56156645545,-1.378518282007899825,53943.69108207311,-1.968889482340699707,64400.94995933848,-0.824175747003129895,61532.65855110384,0.610478220163990001,74033.89235744573,0.379678873651429935,66555.64952546312,1.659932899049499693,,,64187.33625383836,-0.36678937519395993
3207.67766641503,2.539152840735799712,3207.67766641503,-125.9531115659399911,3462.62146789937,3,2687.40293430051,2.72858446026219957,2687.40293430051,-119.6406259857599816,4375.34338219317,3,1095.49121231756,2.862879176616699427,1095.49121231756,-119.4319698031799813,1600.19111958873,3,1349.62885509667,10.64708471440500044,1349.62885509667,-113.7276929041899786,2774.03554869621,3,1389.18421741761,2.70664740757329979,1389.18421741761,-122.6756831568099806,3871.41887584453,3,5962.40617256406,4.190231333135599795,5962.40617256406,-120.777619999619986,7765.86340997607,4,2818.96722671427,3.476947254047099795,2818.96722671427,-118.5880189759699868,3365.54914985128,3,3732.5005382898,3.892853149566399805,3732.5005382898,-121.0973197890099863,5101.49417377635,4,7817.37270966382,2.292558406048799558,7817.37270966382,-120.3967959127299986,10779.65425029503,4,3511.81823981178,1.819043318900400041,3511.81823981178,-127.4015695847599825,5526.28338980186,3,,,,,86365.38563618615,-1.581001172676099737,66021.92995257574,6.497174474718500265,86090.21166811874,0.687497574689059917,78853.73781291564,0.019235081744962995,,,,,,,83045.71596838116,-2.411047041689899462
3462.62146789937,3.458798995626599637,3462.62146789937,-124.6107467580799831,4524.33500831792,4,4375.34338219317,14.68860690308200028,4375.34338219317,-112.3301939161599985,4877.62309033183,4,1600.19111958873,17.87431616004199945,1600.19111958873,-111.4777056455399981,4274.02728088988,4,2774.03554869621,1.877327032736300072,2774.03554869621,-121.2646006614199901,5081.92013292395,4,3871.41887584453,1.942550181008499956,3871.41887584453,-124.1162775345199798,4156.08270723374,4,7765.86340997607,36.52778424405799727,7765.86340997607,-111.3737667106099988,8487.77030556689,5,3365.54914985128,3.57244165720589989,3365.54914985128,-118.470348550940002,3650.61273245206,4,5101.49417377635,1.129769465920199775,5101.49417377635,-126.4701016704100021,5199.74347674232,5,10779.65425029503,1.548975054707899975,10779.65425029503,-122.099555762299985,11441.74001684001,5,5526.28338980186,1.336773073502199867,5526.28338980186,-128.7394231098099903,5665.93148897793,4,,,,,,,,,,,,,,,,,,,,
4524.33500831792,1.319375844379699897,4524.33500831792,-128.7963147140699785,5300.57763911053,6,4877.62309033183,1.446905988173299733,4877.62309033183,-122.395596859809984,5811.80840061665,5,4274.02728088988,4.349495975473899967,4274.02728088988,-117.6156106666699937,4833.98848383963,5,5081.92013292395,40.0451037123090002,5081.92013292395,-107.9745057722599876,5769.58255768859,5,4156.08270723374,1.779445985967099902,4156.08270723374,-124.4971519021299851,4406.38259870921,5,8487.77030556689,2.8855647165839997,8487.77030556689,-122.3976918101899962,8686.79276173922,6,3650.61273245206,2.303920788300399806,3650.61273245206,-120.3753245658400028,5966.36853672821,5,5199.74347674232,2.47292541874839954,5199.74347674232,-123.067889813799979,5847.69234015018,6,11441.74001684001,2.228107126376099415,11441.74001684001,-120.5206393231499926,12549.60423935934,6,5665.93148897793,5.830448396992800015,5665.93148897793,-122.3429804406599993,5882.89106198407,5,,,,,,,,,,,,,,,,,,,,
5300.57763911053,11.89331067260899737,5300.57763911053,-119.2469723649099928,9460.00201701093,7,5811.80840061665,1.251681184312900091,5811.80840061665,-123.0250627617799917,6075.38640099775,6,4833.98848383963,14.92939207622799808,4833.98848383963,-112.2595787635499955,5558.04169177406,6,5769.58255768859,8.8901577304736001,5769.58255768859,-114.5109053364499796,7134.01035633094,6,4406.38259870921,2.202512545155599346,4406.38259870921,-123.570816092379999,4540.64726206694,6,8686.79276173922,2.011019538610700147,8686.79276173922,-123.9658370987600047,9030.90966974167,7,5966.36853672821,1.014561466392100094,5966.36853672821,-123.9372163645099926,6045.61610470739,6,5847.69234015018,13.19674692509899921,5847.69234015018,-115.7953311171799833,5982.60766594072,7,12549.60423935934,7.83557033435539904,12549.60423935934,-115.05929386680998,13668.66733732111,7,5882.89106198407,5.83422388302300018,5882.89106198407,-122.3401690924000032,6119.5409050631,6,,,,,,,,,,,,,,,,,,,,
9460.00201701093,1.298908045402499926,9460.00201701093,-128.8642159318200125,9974.63040715226,8,6075.38640099775,3.017760302908799362,6075.38640099775,-119.2031525868199816,7566.58204211495,7,5558.04169177406,9.26601338013529836,5558.04169177406,-114.3310707701099883,6220.52086790403,7,7134.01035633094,12.42892851077499823,7134.01035633094,-113.0556630996800035,8284.33150524448,7,4540.64726206694,4.87670484372359956,4540.64726206694,-120.1187352872699985,6215.21363893555,7,9030.90966974167,3.757154087185799775,9030.90966974167,-121.251409934269986,10520.24400680868,8,6045.61610470739,3.753531754691399752,6045.61610470739,-118.2555990567200008,6065.58934766105,7,5982.60766594072,1.429178172308499742,5982.60766594072,-125.4491362535399895,7529.61691982864,8,13668.66733732111,1.307206324087599731,13668.66733732111,-122.8365585974899825,14009.95654926843,8,6119.5409050631,2.82925171636789939,6119.5409050631,-125.4832841197499813,7071.12488820626,7,,,,,,,,,,,,,,,,,,,,
9974.63040715226,1.945483101558799878,9974.63040715226,-127.1097253711999992,11176.51767512341,9,7566.58204211495,2.005940044636499657,7566.58204211495,-120.9768205171099845,7770.3942021183,8,6220.52086790403,1.989819320749099945,6220.52086790403,-121.0118635653699921,6923.11373750891,8,8284.33150524448,9.33155048461939881,8284.33150524448,-114.3004619001899863,8716.12494119194,8,6215.21363893555,7.86504886220449958,6215.21363893555,-118.0429857494499965,7201.00344912214,8,10520.24400680868,5.553825359042699335,10520.24400680868,-119.5540778083299922,11788.80831309859,9,6065.58934766105,10.70272033876899794,6065.58934766105,-113.705058225049981,7370.67567875182,8,7529.61691982864,2.386188240005699502,7529.61691982864,-123.22295298985,8096.90445766015,9,14009.95654926843,2.759388611941199432,14009.95654926843,-119.5918713238199867,17385.74232314024,9,7071.12488820626,10.08961918525799813,7071.12488820626,-119.9612522512699962,9045.9299856003,8,,,,,,,,,,,,,,,,,,,,
11176.51767512341,1.101660752985199826,11176.51767512341,-129.579521221709967,12306.80264503925,10,7770.3942021183,3.093715223783100032,7770.3942021183,-119.0951966556600036,8326.63422705072,9,6923.11373750891,2.39625923937549955,6923.11373750891,-120.2046619957999947,7700.20994801734,9,8716.12494119194,9.145685755983699,8716.12494119194,-114.3878372497399876,8928.91693063978,9,7201.00344912214,3.087425233765599392,7201.00344912214,-122.1040355064099852,8783.69406769978,9,11788.80831309859,1.630118129456999735,11788.80831309859,-124.8778092252100005,12754.06862596217,10,7370.67567875182,2.53059687120689957,7370.67567875182,-119.967770332509985,7646.98103829326,9,8096.90445766015,2.308196664412100132,8096.90445766015,-123.3672719090999972,11598.58136136846,12,17385.74232314024,3.349860016082700107,17385.74232314024,-118.7497334087699977,17456.89386449012,10,9045.9299856003,1.559930254037400035,9045.9299856003,-128.0689481892999875,10155.65388646948,9,,,,,,,,,,,,,,,,,,,,
12306.80264503925,9.90107474038719812,12306.80264503925,-120.0431766111099982,12640.51963278743,11,8326.63422705072,1.279062965082200072,8326.63422705072,-122.9310807576,8608.35899395107,10,7700.20994801734,6.349621816326999705,7700.20994801734,-115.9725214053100041,7958.07117000177,10,8928.91693063978,7.334886643057899375,8928.91693063978,-115.346065935690006,11001.39029575843,10,8783.69406769978,13.37890325205900048,8783.69406769978,-115.7357948679999986,9426.16009794884,10,12754.06862596217,7.305486485891700315,12754.06862596217,-118.3635085829199903,14237.26498011469,11,7646.98103829326,10.65546979899700015,7646.98103829326,-113.72427397510998,10435.40473153145,10,11598.58136136846,3.531144846557599402,11598.58136136846,-121.5208446743500016,13658.47988634172,14,17456.89386449012,1.127916850252300035,17456.89386449012,-123.4772291525299858,17957.06416920664,11,10155.65388646948,1.573581719893899938,10155.65388646948,-128.0311069820500047,12414.1834659209,10,,,,,,,,,,,,,,,,,,,,
12640.51963278743,2.396831391776299992,12640.51963278743,-126.2036251590199918,12875.4626659102,12,8608.35899395107,4.507672463840400192,8608.35899395107,-117.4604764815299797,8761.7680769405,11,7958.07117000177,3.551284872834299815,7958.07117000177,-118.496144885719985,10544.40188457082,11,11001.39029575843,19.5414302410610005,11001.39029575843,-111.0904365335699988,11053.62518942528,11,9426.16009794884,4.561208390981699145,9426.16009794884,-120.4092008540299896,10149.8093064147,11,14237.26498011469,1.470535985694299877,14237.26498011469,-125.3252434334499976,14437.42588265914,12,10435.40473153145,6.73831650786289944,10435.40473153145,-115.7144859347500012,11071.79816452043,11,13658.47988634172,3.201478127395299452,13658.47988634172,-121.9464946094399801,13954.77483887847,15,17957.06416920664,5.654615430676299655,17957.06416920664,-116.4759692602000025,19509.69800901685,12,12414.1834659209,5.48524456270729918,12414.1834659209,-122.6080400439399791,13485.73557136913,11,,,,,,,,,,,,,,,,,,,,
12875.4626659102,3.373493496773200195,12875.4626659102,-124.7192012271599987,13209.25045057287,13,8761.7680769405,10.29129884297799786,8761.7680769405,-113.8752981039399966,8882.57658642934,12,10544.40188457082,8.167848560192400215,10544.40188457082,-114.8789232308599816,13710.60644019277,12,11053.62518942528,20.45766339755199675,11053.62518942528,-110.8914397138100009,11187.52148572271,12,10149.8093064147,1.7029194796346001,10149.8093064147,-124.6880588660999927,10224.34442499539,12,14437.42588265914,3.49991986084939997,14437.42588265914,-121.5594189976099806,15567.58438710654,13,11071.79816452043,1.888209691481099728,11071.79816452043,-121.2394977762500043,12887.33093420946,12,13954.77483887847,2.382628487609100167,13954.77483887847,-123.2294366993199896,15822.91439625766,16,19509.69800901685,1.399900266176699931,19509.69800901685,-122.5390290388699835,19529.51035515498,13,13485.73557136913,1.548292692326799882,13485.73557136913,-128.1014693600000097,13592.85482231097,12,,,,,,,,,,,,,,,,,,,,
13209.25045057287,6.560573155514200375,13209.25045057287,-121.8305821742299878,13857.33043521763,14,8882.57658642934,5.19967788608679979,8882.57658642934,-116.840235595629991,9675.68614956962,13,13710.60644019277,6.008298636235299005,13710.60644019277,-116.2124848931200058,15023.26101998061,13,11187.52148572271,13.13280550063199921,11187.52148572271,-112.8164248767400006,11273.29573056562,13,10224.34442499539,6.74509006083279946,10224.34442499539,-118.7101224722800048,11799.24081302405,13,15567.58438710654,8.178477055833099,15567.58438710654,-117.8732756036600046,15664.46508207614,14,12887.33093420946,1.6402878172348001,12887.33093420946,-121.8507994068999943,12956.3582194726,13,15822.91439625766,1.921460328724999825,15822.91439625766,-124.1636857773299876,17572.38059419637,18,19529.51035515498,1.8168593114596998,19529.51035515498,-121.406787009929985,19802.6223925735,14,13592.85482231097,1.095212289354799746,13592.85482231097,-129.6050169163700043,14016.15184002822,13,,,,,,,,,,,,,,,,,,,,
13857.33043521763,2.860821607076899462,13857.33043521763,-125.4350922275299917,14240.86335432418,15,9675.68614956962,8.84080338514869976,9675.68614956962,-114.5350826780599785,10391.2482524067,15,15023.26101998061,5.250370703300399435,15023.26101998061,-116.7981003207700036,17611.8945510341,15,11273.29573056562,1.514129158008199908,11273.29573056562,-122.1983707713600035,11605.01746180442,14,11799.24081302405,3.734738268759699925,11799.24081302405,-121.277398282299998,14776.5918118349,14,15664.46508207614,2.077266844935599533,15664.46508207614,-123.8250771057199977,16255.74587412853,15,12956.3582194726,10.82912977852499731,12956.3582194726,-113.6540644158099833,12984.57063798764,14,17572.38059419637,1.199897554122199668,17572.38059419637,-126.208558319350004,18106.25337961174,19,19802.6223925735,1.881108195963800071,19802.6223925735,-121.2558622435499838,20735.38665728292,15,14016.15184002822,11.75920706766799733,14016.15184002822,-119.2962196208199823,16710.42565758068,14,,,,,,,,,,,,,,,,,,,,
14240.86335432418,2.695013235703399335,14240.86335432418,-125.6943909757199828,16004.56813021922,16,10391.2482524067,1.797485543994199901,10391.2482524067,-121.453345936789986,11055.25421620549,16,17611.8945510341,3.048966681106399777,17611.8945510341,-119.1584732154800003,24058.15715885437,16,11605.01746180442,3.042800961632099882,11605.01746180442,-119.1672645516499921,13789.7578550919,15,14776.5918118349,4.028122398430999937,14776.5918118349,-120.9489734145599863,16138.25762705166,15,16255.74587412853,3.24308492609659992,16255.74587412853,-121.8904167838499855,18955.29093863258,16,12984.57063798764,2.810372374275099882,12984.57063798764,-119.5123613227299865,14330.64446218197,15,18106.25337961174,1.238611576502799845,18106.25337961174,-126.0706486523699818,18273.7048288296,20,20735.38665728292,1.91774966043120009,20735.38665728292,-121.1720808548099903,25372.86794649657,17,16710.42565758068,1.740318888884599951,16710.42565758068,-127.5937116608899937,16889.91098693468,15,,,,,,,,,,,,,,,,,,,,
16004.56813021922,3.511151392973999905,16004.56813021922,-124.5455044432700045,17102.96696140591,17,11055.25421620549,6.095010634072899315,11055.25421620549,-116.1502553232400028,15481.22759679881,18,24058.15715885437,2.835462528602099562,24058.15715885437,-119.4737608765800015,26089.02853469728,17,13789.7578550919,4.54556106150709913,13789.7578550919,-117.4241250388799922,16324.06383763195,16,16138.25762705166,4.009725589972799025,16138.25762705166,-120.9688534778800028,16712.62082188546,16,18955.29093863258,3.664692846155499937,18955.29093863258,-121.3596241960700008,20098.20462143146,17,14330.64446218197,6.565921754173299235,14330.64446218197,-115.8270429704599843,15447.58917256766,16,18273.7048288296,8.015164721285497465,18273.7048288296,-117.9608754794400051,18756.92757372625,23,25372.86794649657,2.198654494304100196,25372.86794649657,-120.5784301211599821,25999.91200406456,19,16889.91098693468,1.612943422504599762,16889.91098693468,-127.9238086616699941,20301.64659495567,16,,,,,,,,,,,,,,,,,,,,
17102.96696140591,3.570655744284299425,17102.96696140591,-124.4725201919000025,17869.80827344516,18,15481.22759679881,2.180756045464099728,15481.22759679881,-120.6139291490499938,15790.81355565191,19,26089.02853469728,8.42095639137910009,26089.02853469728,-114.7463858166999836,28218.70049960905,19,16324.06383763195,3.056766864922999525,16324.06383763195,-119.1473768300699868,17090.60115922746,17,16712.62082188546,1.439210061737299812,16712.62082188546,-125.4187581343300048,18000.9884229467,17,20098.20462143146,4.095074764143300052,20098.20462143146,-120.8773816487799872,21106.40497432817,18,15447.58917256766,1.913382535433000066,15447.58917256766,-121.1819819441599856,16712.20187737628,17,18756.92757372625,3.55963758453439992,18756.92757372625,-121.4859421636699887,19860.74752242832,25,25999.91200406456,3.228631643840599515,25999.91200406456,-118.9098150102599898,26196.09433905471,20,20301.64659495567,3.337278728521499525,20301.64659495567,-124.766075196849982,20431.6639518653,17,,,,,,,,,,,,,,,,,,,,
17869.80827344516,2.393437634681299987,17869.80827344516,-126.2097788435799823,18154.73172064251,19,15790.81355565191,12.51071297801099996,15790.81355565191,-113.0271793942000041,16470.74844817558,20,28218.70049960905,2.67640771642329954,28218.70049960905,-119.7244772666499836,28902.24307381599,20,17090.60115922746,6.32421978609239941,17090.60115922746,-115.9899304540799956,17447.11963414694,18,18000.9884229467,6.413342598985899175,18000.9884229467,-118.9291555957200041,18569.51832077377,18,21106.40497432817,5.575521494242598985,21106.40497432817,-119.5371450559299825,21619.47472761361,19,16712.20187737628,12.95352543541799755,16712.20187737628,-112.8761201777699904,19135.1044100878,18,19860.74752242832,3.071025295211599717,19860.74752242832,-122.127166063749996,20681.90372331927,27,26196.09433905471,2.256387567930899775,26196.09433905471,-120.4658630178199981,26762.1920805819,21,20431.6639518653,3.985902122083199815,20431.6639518653,-123.994733700509982,21635.51823130799,18,,,,,,,,,,,,,,,,,,,,
18154.73172064251,3.793007587242899862,18154.73172064251,-124.2101628856700012,19284.17900825756,20,16470.74844817558,4.496813993056999665,16470.74844817558,-117.4709507628799937,17776.74642892157,21,28902.24307381599,10.17503924902899822,28902.24307381599,-113.9246390685899821,29881.76642194103,21,17447.11963414694,37.74721318730499305,17447.11963414694,-108.2311510607599981,17570.31875835243,19,18569.51832077377,3.50337097405899998,18569.51832077377,-121.5551387254299977,20493.47806761224,19,21619.47472761361,2.550314333662099912,21619.47472761361,-122.9340628820799845,23760.67403264818,20,19135.1044100878,2.879578623545199882,19135.1044100878,-119.4067105906599975,19588.48448263578,19,20681.90372331927,1.730406172325900096,20681.90372331927,-124.618519444459991,21166.83193286723,29,26762.1920805819,4.63527930890269955,26762.1920805819,-117.339240913660006,26975.51248465112,22,21635.51823130799,24.72915765017099675,21635.51823130799,-116.0679067676900043,21955.61068700995,19,,,,,,,,,,,,,,,,,,,,
19284.17900825756,5.60481154537700019,19284.17900825756,-122.514389854200004,19794.59636424377,21,17776.74642892157,1.767220971777800013,17776.74642892157,-121.527091432920002,17991.87091073239,22,29881.76642194103,5.31060709664300033,29881.76642194103,-116.7485582851300018,29976.07172364269,22,17570.31875835243,24.05411383784199577,17570.31875835243,-110.1881063803099888,18086.75793030876,20,20493.47806761224,1.460861739983599687,20493.47806761224,-125.3539088495799941,20780.830497208,20,23760.67403264818,1.014518709249999869,23760.67403264818,-126.9373993951400047,25619.51793564229,21,19588.48448263578,1.560813706230899982,19588.48448263578,-122.0664892985499816,19755.58255940048,20,21166.83193286723,1.232357518088199816,21166.83193286723,-126.0926328112599887,21336.5823005362,30,26975.51248465112,1.01177451884489988,26975.51248465112,-123.9491626232999972,28089.22513125722,23,21955.61068700995,1.254661672450899875,21955.61068700995,-129.0147336868199653,22187.9485552453,20,,,,,,,,,,,,,,,,,,,,
19794.59636424377,9.78874883512849788,19794.59636424377,-120.0927281470600001,21197.73185767431,22,17991.87091073239,18.25380701005399678,17991.87091073239,-111.3864654539700036,18365.45502885158,23,29976.07172364269,2.195566870062699562,29976.07172364269,-120.584533311140006,30244.49501323634,23,18086.75793030876,6.574888383184900285,18086.75793030876,-115.821116154579982,18253.9695759855,21,20780.830497208,10.39397143268399756,20780.830497208,-116.8321848114800043,21117.30581967819,21,25619.51793564229,20.95443984929299566,25619.51793564229,-113.7872394416500011,29195.80544644382,22,19755.58255940048,3.918300194836699982,19755.58255940048,-118.0690229422999943,20843.72037968684,21,21336.5823005362,1.635726552397199988,21336.5823005362,-124.8628929645399803,21443.52270363195,31,28089.22513125722,14.57760816127099793,28089.22513125722,-112.3631372756599941,28111.92253822218,24,22187.9485552453,1.336337949867799852,22187.9485552453,-125.740836981460006,22820.63856477963,21,,,,,,,,,,,,,,,,,,,,
21197.73185767431,3.599445722297499357,21197.73185767431,-124.437643709769986,21484.20144398427,23,18365.45502885158,6.121852378686000385,18365.45502885158,-116.1311714711600013,18746.90623402048,24,30244.49501323634,3.80097812131959943,30244.49501323634,-118.2010463021699986,33236.81140771787,24,18253.9695759855,6.93311530528530004,18253.9695759855,-115.5907157694900031,20431.13254275977,22,21117.30581967819,8.431889502936400015,21117.30581967819,-117.7407509337699875,21161.42899187145,22,29195.80544644382,7.419774312899399125,29195.80544644382,-118.2960930444500031,30758.92156024143,23,20843.72037968684,7.625670090392999215,20843.72037968684,-115.1772198755199947,21367.39623288853,22,21443.52270363195,26.58302836632899602,21443.52270363195,-112.7539554529400046,21926.86337651335,32,28111.92253822218,16.32029961683199552,28111.92253822218,-111.8727187249699848,28512.36015261363,25,22820.63856477963,1.432785466169399938,22820.63856477963,-125.4381883251499796,24084.91779233848,22,,,,,,,,,,,,,,,,,,,,
21484.20144398427,3.223944134607699562,21484.20144398427,-124.91612492375998,22101.19160422803,24,18746.90623402048,14.915768464785998,18746.90623402048,-112.2635436674599982,19252.3428586097,25,33236.81140771787,2.067876338113300063,33236.81140771787,-120.8447543621699931,35150.08305757301,25,20431.13254275977,3.89901332948910005,20431.13254275977,-118.0904528009399992,20451.60846795877,23,21161.42899187145,3.598265866993299852,21161.42899187145,-121.4390675085599862,22047.16996913671,23,30758.92156024143,4.89732866425339883,30758.92156024143,-120.1004074909999981,31452.09355264953,24,21367.39623288853,11.08582982801999955,21367.39623288853,-113.552317922889983,21536.44062540748,23,21926.86337651335,7.567927726557499535,21926.86337651335,-118.2102302408299858,22168.65794390538,33,28512.36015261363,143.8844693625899816,28512.36015261363,-102.4198608051899834,29002.73167815699,26,24084.91779233848,2.7661347175023998,24084.91779233848,-122.5812667251200021,24357.40392609267,23,,,,,,,,,,,,,,,,,,,,
22101.19160422803,1.905236503154399843,22101.19160422803,-127.2005110626699883,22687.60883069724,25,19252.3428586097,7.813862566853000375,19252.3428586097,-115.0713423157799863,21559.42722530031,26,35150.08305757301,4.79795149921380035,35150.08305757301,-117.1894414647499895,35414.59746377706,26,20451.60846795877,23.22165169660799925,20451.60846795877,-110.3410689324499851,20909.29218156354,24,22047.16996913671,3.089538409491200167,22047.16996913671,-122.1010640121799891,22337.33816941984,25,31452.09355264953,1.198360187795600047,31452.09355264953,-126.2141262763900038,32967.40204306933,25,21536.44062540748,5.8710994329291992,21536.44062540748,-116.3128056434999843,22721.61436427555,24,22168.65794390538,8.48856937392459794,22168.65794390538,-117.71165497666999,23259.75101255365,34,29002.73167815699,32.56683821318399902,29002.73167815699,-108.8722440333899892,29603.70920992092,27,24357.40392609267,2.8209562833485,24357.40392609267,-122.4960364409899962,24445.0286025691,24,,,,,,,,,,,,,,,,,,,,
22687.60883069724,4.87086235537239885,22687.60883069724,-123.1239414288699828,23445.06990273164,26,21559.42722530031,2.244958318875999828,21559.42722530031,-120.487917179350006,22732.67389444105,27,35414.59746377706,1.329453585106299845,35414.59746377706,-122.7632682048700015,35777.17957894924,27,20909.29218156354,7.387433272249399575,20909.29218156354,-115.3150642890300043,21467.58568914861,25,22337.33816941984,1.91674433456340009,22337.33816941984,-124.1743581174000038,23221.5543440442,26,32967.40204306933,9.93833430026040072,32967.40204306933,-117.0268639878399878,33217.00293755996,26,22721.61436427555,3.263551544331499512,22721.61436427555,-118.8630952369399831,23939.11390275644,25,23259.75101255365,7.185656362802198735,23259.75101255365,-118.435335557520005,23313.97898479337,35,29603.70920992092,15.76384667919800001,29603.70920992092,-112.0233779777900051,29953.03267874655,28,24445.0286025691,1.22385912687339981,24445.0286025691,-126.1226856907200038,27482.88656611562,25,,,,,,,,,,,,,,,,,,,,
23445.06990273164,1.888363057345599828,23445.06990273164,-127.2391450439999966,23790.69245558267,27,22732.67389444105,8.347791132858500125,22732.67389444105,-114.7842842579999848,24027.93114890487,28,35777.17957894924,58.6263208130479964,35777.17957894924,-106.3190735979299856,37201.67201299665,28,21467.58568914861,11.89694898351799772,21467.58568914861,-113.2456440075099801,22307.23885167872,26,23221.5543440442,2.926204326737499512,23221.5543440442,-122.3369535186899947,23904.05213637266,27,33217.00293755996,1.765804793275000053,33217.00293755996,-124.5305730862299918,34257.88582475066,27,23939.11390275644,7.849979257632799765,23939.11390275644,-115.051314908099982,24652.20663233966,26,23313.97898479337,10.78172087997299751,23313.97898479337,-116.6731191549199872,23632.2208886873,36,29953.03267874655,8.649262413616398215,29953.03267874655,-114.630209264489991,32805.30973090808,29,27482.88656611562,3.964701461759199555,27482.88656611562,-121.0178950907599921,29871.77810618306,27,,,,,,,,,,,,,,,,,,,,
23790.69245558267,2.396303422604399982,23790.69245558267,-126.2045819195099903,24647.42226919989,28,24027.93114890487,17.71089272565900065,24027.93114890487,-111.5175954744599945,27324.32951789112,29,37201.67201299665,5.81288159188749985,37201.67201299665,-116.3560852351099863,37666.27984733551,29,22307.23885167872,17.77974784963900126,22307.23885167872,-111.5007440243699926,23393.15957427302,27,23904.05213637266,2.455761765561200062,23904.05213637266,-123.0981376656999937,26583.59459437415,28,34257.88582475066,7.22821240589289889,34257.88582475066,-118.4096909388800038,34421.31081738579,28,24652.20663233966,10.55382255188299818,24652.20663233966,-113.7659021216599906,25138.19189278076,27,23632.2208886873,1.222810565411700073,23632.2208886873,-126.1264081750900055,24317.13136586115,37,32805.30973090808,2.362928260722199515,32805.30973090808,-120.2654946349099982,35361.05198034019,30,29871.77810618306,2.702201056273899827,29871.77810618306,-122.6828234059099992,30032.80821374025,28,,,,,,,,,,,,,,,,,,,,
24647.42226919989,1.440545470601199966,24647.42226919989,-128.4147302872700035,27015.45368159838,29,27324.32951789112,13.67414781053900078,27324.32951789112,-112.6409972990999786,27337.96642558568,30,37666.27984733551,1.446622239945499981,37666.27984733551,-122.3964486247199938,38391.88753252314,30,23393.15957427302,29.95018767698099525,23393.15957427302,-109.2360045184499876,24311.4029948256,28,26583.59459437415,2.043918998743699858,26583.59459437415,-123.8953631944499985,26767.86709931867,29,34421.31081738579,9.98050743018159988,34421.31081738579,-117.0084737769799966,34502.28208955588,29,25138.19189278076,7.82302397932819989,25138.19189278076,-115.0662533854199973,25371.0298315615,28,24317.13136586115,2.90489250188669955,24317.13136586115,-122.3686993442699981,24598.10381016814,38,35361.05198034019,7.07862807036019956,35361.05198034019,-115.5005090603999913,36765.30110142057,31,30032.80821374025,2.322670325749399457,30032.80821374025,-123.3401242854199887,32416.32641712636,29,,,,,,,,,,,,,,,,,,,,
27015.45368159838,3.220084552795800182,27015.45368159838,-124.9213272447499885,28138.98564776688,30,27337.96642558568,9.105433621098299535,27337.96642558568,-114.4069936730300011,27456.69978845953,31,38391.88753252314,7.035908049977200175,38391.88753252314,-115.526798448329998,39374.78704090121,32,24311.4029948256,24.28709349358099695,24311.4029948256,-110.1462445535699995,27704.97192110427,29,26767.86709931867,5.131675673389500125,26767.86709931867,-119.897407992389986,27981.41028464606,30,34502.28208955588,8.58276814339640023,34502.28208955588,-117.6637261943400001,35750.84014567316,30,25371.0298315615,4.212925371080400425,25371.0298315615,-117.7541623401699832,26389.76261092802,29,24598.10381016814,3.53604788615700015,24598.10381016814,-121.5148186228099966,26102.37399829858,39,36765.30110142057,6.2118475884277,36765.30110142057,-116.0677920849999788,37024.60182482602,32,32416.32641712636,1.3190267663513997,32416.32641712636,-125.7974639144299825,35055.89758089712,30,,,,,,,,,,,,,,,,,,,,
28138.98564776688,2.632585343182199715,28138.98564776688,-125.7961754095099986,29664.91443786231,31,27456.69978845953,1.788678369524899995,27456.69978845953,-121.4746774489800028,28419.5106035466,32,39374.78704090121,4.71174317651879979,39374.78704090121,-117.2681838971099917,41728.20798663833,33,27704.97192110427,18.93756791839300027,27704.97192110427,-111.2267579658099801,28143.19684203488,30,27981.41028464606,5.290011386564099615,27981.41028464606,-119.7654339316000001,29653.33853038181,31,35750.84014567316,3.759900434372799955,35750.84014567316,-121.2482365543799853,37210.46090369446,31,26389.76261092802,7.43989166875699933,26389.76261092802,-115.2843338811100006,28414.16485472879,30,26102.37399829858,4.2298523018059999,26102.37399829858,-120.7367479707699825,26362.20779720589,40,37024.60182482602,22.88274341587899828,37024.60182482602,-110.40491909120999,39254.65659238112,33,35055.89758089712,2.885610765658599402,35055.89758089712,-122.3976225041799916,35182.51893652771,31,,,,,,,,,,,,,,,,,,,,
29664.91443786231,1.971192133442499987,29664.91443786231,-127.052710426779981,32074.84766139851,32,28419.5106035466,10.72980890709499841,28419.5106035466,-113.6940801254799845,28806.49571101569,33,41728.20798663833,4.098837563841300367,41728.20798663833,-117.8733929235099816,42951.92221211344,34,28143.19684203488,40.74675366373499217,28143.19684203488,-107.8990698623899785,34245.53242600212,31,29653.33853038181,2.495953299155799765,29653.33853038181,-123.0276354483399922,30672.5560744177,33,37210.46090369446,3.036681548784899915,37210.46090369446,-122.1760074935799872,38075.46756428672,32,28414.16485472879,8.64929325442459881,28414.16485472879,-114.6301937788099957,28676.25267388529,31,26362.20779720589,10.1151949366499991,26362.20779720589,-116.9502574323499852,26954.03987433177,41,39254.65659238112,8.48446319556740033,39254.65659238112,-114.7137562990199907,40092.99210100079,34,35182.51893652771,1.275077179650700106,35182.51893652771,-125.9446352685199878,36756.6639482568,33,,,,,,,,,,,,,,,,,,,,
32074.84766139851,5.0319714935818993,32074.84766139851,-122.9826182786,32508.20397773689,33,28806.49571101569,2.669379733946899852,28806.49571101569,-119.7358964103899831,33908.81492889941,34,42951.92221211344,2.061663197036999395,42951.92221211344,-120.8578228163999876,45903.10199207188,36,34245.53242600212,11.54791341656800078,34245.53242600212,-113.374964810129995,37750.04350637721,32,30672.5560744177,3.692774770295599732,30672.5560744177,-121.3264718002899937,30711.69971658618,34,38075.46756428672,2.855479556857799735,38075.46756428672,-122.443209447179981,39251.75128744194,33,28676.25267388529,19.86473409091500025,28676.25267388529,-111.0191724402999962,30533.74241050164,32,26954.03987433177,1.736246525413100087,26954.03987433177,-124.6038861036599878,28432.13002355228,42,40092.99210100079,10.26585055093899963,40092.99210100079,-113.8860506243800043,42996.5685744862,35,36756.6639482568,2.616323006271099585,36756.6639482568,-122.8230863986599951,41955.08508800139,39,,,,,,,,,,,,,,,,,,,,
32508.20397773689,11.67190486100300001,32508.20397773689,-119.3285826108299826,35218.46352758958,34,33908.81492889941,16.41676441515199507,33908.81492889941,-111.8471243400800001,34021.78169033577,35,45903.10199207188,2.795323544075899657,45903.10199207188,-119.5356791755399962,47071.02958465511,37,37750.04350637721,19.51690414292200151,37750.04350637721,-111.0958907090499959,39770.57959406906,33,30711.69971658618,7.682393975178399575,30711.69971658618,-118.1450342473399923,31053.91307504216,35,39251.75128744194,5.93973529577869993,39251.75128744194,-119.26232908915,39949.23377679435,34,30533.74241050164,9.50397459096749838,30533.74241050164,-114.2209473345500039,30767.27183025572,33,28432.13002355228,4.010334732549098987,28432.13002355228,-120.9681937639900008,28846.14874677576,43,42996.5685744862,2.008885283022399541,42996.5685744862,-120.9704486283999922,44421.84264831625,36,41955.08508800139,2.745598987181700132,41955.08508800139,-122.6136289403700057,43998.51446682858,41,,,,,,,,,,,,,,,,,,,,
35218.46352758958,13.72469818719299888,35218.46352758958,-118.6249719711999825,35426.21487627919,35,34021.78169033577,8.38186294336049895,34021.78169033577,-114.7665944484199937,35312.80181741807,36,47071.02958465511,15.98134790077999762,47071.02958465511,-111.9638659415900001,47712.9553031636,38,39770.57959406906,14.98938826169699816,39770.57959406906,-112.2421609096699906,39976.02825206716,34,31053.91307504216,7.99096683665259985,31053.91307504216,-117.974006716969995,32480.08383311114,36,39949.23377679435,6.05443318696620023,39949.23377679435,-119.1792650905200043,41642.74818785765,35,30767.27183025572,3.87217588437879988,30767.27183025572,-118.1204492412200006,31201.47023411885,34,28846.14874677576,5.51369272212370018,28846.14874677576,-119.5855744076999935,31312.84672061296,45,44421.84264831625,1.194562018149400101,44421.84264831625,-121.3251258454799876,44542.83624314474,37,43998.51446682858,4.89020165222749979,43998.51446682858,-120.1067323195100012,44377.57800034477,42,,,,,,,,,,,,,,,,,,,,
35426.21487627919,11.14614124853899917,35426.21487627919,-119.5287545768499907,35935.82688722994,36,35312.80181741807,6.87867426915699905,35312.80181741807,-115.62495255524999,37491.35364143333,37,47712.9553031636,8.705233378347397605,47712.9553031636,-114.6021958140200066,48125.79232385424,39,39976.02825206716,14.3700430495219997,39976.02825206716,-112.4254193081199841,41373.50971854313,35,32480.08383311114,1.195392147702699855,32480.08383311114,-126.2248960128899848,33211.9378868281,37,41642.74818785765,5.66328552927199878,41642.74818785765,-119.4693154173500028,42119.981629834,36,31201.47023411885,6.008121369632299005,31201.47023411885,-116.2126130276299985,31978.90520711365,35,31312.84672061296,3.02406525682340009,31312.84672061296,-122.1940884135499911,31819.76680062433,46,44542.83624314474,42.375509370345,44542.83624314474,-107.7288506836599989,45318.80855228271,38,44377.57800034477,1.08554808181909967,44377.57800034477,-126.6435093572299872,45163.72029228142,43,,,,,,,,,,,,,,,,,,,,
35935.82688722994,8.871426433610100285,35935.82688722994,-120.520065444929997,37291.533005685,37,37491.35364143333,5.59506141790909869,37491.35364143333,-116.5219514178799892,37854.12594926451,38,48125.79232385424,3.285629735404599562,48125.79232385424,-118.8338137971099962,48786.33402506414,40,41373.50971854313,26.62324227264299727,41373.50971854313,-109.7473905572200005,41630.3541756422,36,33211.9378868281,11.88658798157999991,33211.9378868281,-116.249427907500006,33519.97191921782,38,42119.981629834,3.640922065527199425,42119.981629834,-121.3878861710399798,43829.94164397842,38,31978.90520711365,20.88239386248499578,31978.90520711365,-110.8021971727499985,32241.98431534934,36,31819.76680062433,4.85206846457360006,31819.76680062433,-120.1407307969799941,32072.01919612996,47,45318.80855228271,21.81330621494999626,45318.80855228271,-110.612785039729999,46259.02561252041,39,45163.72029228142,2.35089920458159972,45163.72029228142,-123.2876599096499882,45883.60111628597,44,,,,,,,,,,,,,,,,,,,,
37291.533005685,12.12113591311499756,37291.533005685,-119.1645667904099918,37333.05085641998,38,37854.12594926451,25.24443773059499557,37854.12594926451,-109.9783429790300029,38109.83602055667,39,48786.33402506414,1.884878790406300012,48786.33402506414,-121.2471657243399927,48883.79085268476,41,41630.3541756422,15.81818192789999951,41630.3541756422,-112.0084343386299958,43072.60511104369,37,33519.97191921782,2.888098945396199807,33519.97191921782,-122.3938793204999907,35846.282653613,39,43829.94164397842,4.331563798835199802,43829.94164397842,-120.6335528457099991,43917.46357916478,39,32241.98431534934,45.02576412833599295,32241.98431534934,-107.4653890807200011,33464.01528551782,37,32072.01919612996,4.318792127667400375,32072.01919612996,-120.6463769893499882,32255.72091587836,48,46259.02561252041,2.760894842245999557,46259.02561252041,-119.5895013457799786,47811.0269070355,40,45883.60111628597,3.234778435316799855,45883.60111628597,-121.9015546077999937,46101.04252453114,46,,,,,,,,,,,,,,,,,,,,
37333.05085641998,5.212498978073400105,37333.05085641998,-122.8295401716299858,38740.91211268183,40,38109.83602055667,16.76036570240399465,38109.83602055667,-111.7571650952399975,41943.66234052592,40,48883.79085268476,3.076355706310999405,48883.79085268476,-119.1196345028899937,49565.26094869084,42,43072.60511104369,38.13630806481299357,43072.60511104369,-108.1866135283899833,43092.75380133845,38,35846.282653613,2.898269490002999925,35846.282653613,-122.3786123495199828,37498.48133365419,40,43917.46357916478,4.42911790577549878,43917.46357916478,-120.5368275838199843,45538.91719671646,40,33464.01528551782,2.831623253696299955,33464.01528551782,-119.4796452983999865,34273.4311003379,38,32255.72091587836,3.924905679171599695,32255.72091587836,-121.0617077548099867,33608.23401058997,49,47811.0269070355,7.873792358254599185,47811.0269070355,-115.0381604228300031,48503.19553184156,41,46101.04252453114,1.46222212478829982,46101.04252453114,-125.349866491,47627.22279847018,47,,,,,,,,,,,,,,,,,,,,
38740.91211268183,1.637254111828999818,38740.91211268183,-127.8588391020300031,39107.11263050933,41,41943.66234052592,8.665170722220999225,41943.66234052592,-114.6222287634400058,42170.27806534108,41,49565.26094869084,3.37829047991600005,49565.26094869084,-118.7130301065599833,50541.33913391838,43,43092.75380133845,10.37179851555299942,43092.75380133845,-113.8414592850400023,43673.53071070481,39,37498.48133365419,12.64387639479799926,37498.48133365419,-115.9811975842899863,37753.88071767472,41,45538.91719671646,2.23109012371650016,45538.91719671646,-123.5148288626400012,46053.87244231659,41,34273.4311003379,18.40506892004700026,34273.4311003379,-111.3506255194500051,35638.91072630992,39,33608.23401058997,5.98989896627329974,33608.23401058997,-119.2258050294599907,35615.35111758467,50,48503.19553184156,9.9833118919256982,48503.19553184156,-114.0072536073799933,51624.06413253787,42,47627.22279847018,3.750901783893199937,47627.22279847018,-121.2586430755600015,47825.26405444587,48,,,,,,,,,,,,,,,,,,,,
39107.11263050933,1.602386630110399938,39107.11263050933,-127.9523268733699975,43365.57264043169,43,42170.27806534108,6.43536327277420025,42170.27806534108,-115.9142693237899945,43777.15793390572,42,50541.33913391838,10.9297032521169974,50541.33913391838,-113.6139162924099816,51871.96286547429,44,43673.53071070481,3.017124440251199842,43673.53071070481,-119.2040677713000031,44591.73105522001,40,37753.88071767472,2.910359355449199532,37753.88071767472,-122.3605338336699896,43307.39881825992,42,46053.87244231659,3.60206676049869932,46053.87244231659,-121.4344824225299813,46609.81449689892,42,35638.91072630992,16.97433597843399862,35638.91072630992,-111.7020720594499888,36660.16404742901,40,35615.35111758467,3.881869582941499515,35615.35111758467,-121.109590594579998,35793.9059950157,51,51624.06413253787,15.75483184201100066,51624.06413253787,-112.0258622787399923,70118.42090310609,56,47825.26405444587,1.487575180478999828,47825.26405444587,-125.2752107625999821,48431.91227092322,49,,,,,,,,,,,,,,,,,,,,
43365.57264043169,2.84954262059460016,43365.57264043169,-122.4522484290099833,44421.96194112545,44,43777.15793390572,7.80546966409679929,43777.15793390572,-115.0760095981599985,45003.64486521036,43,51871.96286547429,10.68414211238799888,51871.96286547429,-113.7126034395499797,51983.14626138007,45,44591.73105522001,6.541337468842199215,44591.73105522001,-115.8433344495499847,47400.63563235094,41,43307.39881825992,3.74859917658959938,43307.39881825992,-121.261309945479979,44040.81590636478,43,46609.81449689892,4.75721551035369925,46609.81449689892,-120.2264717381899852,47491.98753581041,43,36660.16404742901,3.126505076837499767,36660.16404742901,-119.0494086177299943,38181.95768112982,41,35793.9059950157,4.385696927225700015,35793.9059950157,-120.5796138346100005,38148.66063615746,52,70118.42090310609,2.843157299657399925,70118.42090310609,-119.4619911199999928,79277.6335785687,63,48431.91227092322,3.776167956253799732,48431.91227092322,-121.2294869741099882,50443.71938124932,50,,,,,,,,,,,,,,,,,,,,
44421.96194112545,0.233710230724709976,44421.96194112545,-126.5978664753899917,44559.46384579612,45,45003.64486521036,1.698021963388099733,45003.64486521036,-121.7005669659099845,45704.46742348376,44,51983.14626138007,8.4957347047214,51983.14626138007,-114.70799057712,52282.8616121929,46,47400.63563235094,8.11139708556779834,47400.63563235094,-114.9090433761400045,47668.62081840517,42,44040.81590636478,1.318878119163399801,44040.81590636478,-125.7979533684199961,46704.83485111535,44,47491.98753581041,2.033422844690400126,47491.98753581041,-123.9177230162700023,47610.78873191103,44,38181.95768112982,7.18824455824520034,38181.95768112982,-115.4337715575800013,38203.64822092252,42,38148.66063615746,4.808610854330099805,38148.66063615746,-120.1798036758299868,38906.86626722052,53,79277.6335785687,1.540311613626499815,79277.6335785687,-122.1239141007999928,85518.27413421892,68,50443.71938124932,2.268881088590299902,50443.71938124932,-123.4418826476799888,51113.20645640432,51,,,,,,,,,,,,,,,,,,,,
44559.46384579612,6.62117097373080019,44559.46384579612,-118.7906519750000025,44761.51587975798,46,45704.46742348376,2.65657238323889987,45704.46742348376,-119.7567834643499788,46484.27611928977,45,52282.8616121929,5.190249747813199455,52282.8616121929,-116.8481174398399953,53078.47886222671,47,47668.62081840517,6.208533680335399615,47668.62081840517,-116.0701095855699801,50381.51130845318,43,46704.83485111535,2.57838307432820012,46704.83485111535,-122.8865255839199898,47056.53931328613,45,47610.78873191103,1.658371323296000003,47610.78873191103,-124.8031822070799986,47731.81447601709,45,38203.64822092252,1.947385159878199706,38203.64822092252,-121.1054814387499897,38886.56653169997,43,38906.86626722052,7.34637480425180019,38906.86626722052,-118.339269181819986,39516.82254903684,54,85518.27413421892,1.171089645848899957,85518.27413421892,-123.314098588069981,,,51113.20645640432,6.26025424878659994,51113.20645640432,-119.0340802835499968,52286.67172154529,52,,,,,,,,,,,,,,,,,,,,
44761.51587975798,2.483179049990400052,44761.51587975798,-123.0499196444899888,51181.19544077673,49,46484.27611928977,2.940857854611699892,46484.27611928977,-119.3152596646499996,48894.35914176651,46,53078.47886222671,1.5157951929754998,53078.47886222671,-122.1935947454099956,53210.05573110536,48,50381.51130845318,17.59110966695299532,50381.51130845318,-111.5470676389499823,50812.83717766306,44,47056.53931328613,1.92994392029629979,47056.53931328613,-124.144553104009986,47573.54502084211,46,47731.81447601709,28.0152581844689975,47731.81447601709,-112.5260537078399917,49529.93609509615,46,38886.56653169997,4.640913460953900205,38886.56653169997,-117.3339652978799843,39575.2153027429,44,39516.82254903684,3.562970515261899767,39516.82254903684,-121.4818777156199868,42711.75949739513,55,,,,,,,52286.67172154529,1.496031999076199875,52286.67172154529,-125.2505911711799907,54659.73210677428,53,,,,,,,,,,,,,,,,,,,,
51181.19544077673,7.80459207139089981,51181.19544077673,-118.0764979161199898,52721.51434438589,50,48894.35914176651,5.099056374299300005,48894.35914176651,-116.9251018651999907,52411.35630133742,47,53210.05573110536,7.63607845920649981,53210.05573110536,-115.1712961796499992,53776.10164917786,49,50812.83717766306,16.30545397600499762,50812.83717766306,-111.8766710507499904,51135.33652888085,45,47573.54502084211,6.52350123257170009,47573.54502084211,-118.8551925122199858,49426.20225429252,47,49529.93609509615,4.13255623218459965,49529.93609509615,-120.8378122821999903,50238.81197288455,47,39575.2153027429,2.046600674373399533,39575.2153027429,-120.8896688710499911,40886.11800746345,45,42711.75949739513,3.199011384884999905,42711.75949739513,-121.9498421431299841,46277.65805591871,56,,,,,,,54659.73210677428,1.722478492335699932,54659.73210677428,-124.638461921889984,55221.39214866888,54,,,,,,,,,,,,,,,,,,,,
52721.51434438589,12.32127487475599987,52721.51434438589,-116.0934435366299903,53451.00906413404,51,52411.35630133742,2.957326155596599712,52411.35630133742,-119.2910077565499868,53832.24458148872,48,53776.10164917786,14.10466407420499727,53776.10164917786,-112.506372528230002,54639.68847694446,50,51135.33652888085,15.20064071743099981,51135.33652888085,-112.1813810585900054,51825.6488299844,46,49426.20225429252,2.138731277057099853,49426.20225429252,-123.6984377934699917,49612.8817262146,49,50238.81197288455,6.25820745598469938,50238.81197288455,-119.0355004433799872,53264.01029489357,48,40886.11800746345,1.648925134251199678,40886.11800746345,-121.82799062075,41725.1297367118,46,46277.65805591871,1.77288354685649984,46277.65805591871,-124.5131979041100005,46976.14481169057,57,,,,,,,55221.39214866888,2.190208429301399908,55221.39214866888,-123.595145539319986,55997.29065130353,55,,,,,,,,,,,,,,,,,,,,
53451.00906413404,1.922878431291600066,53451.00906413404,-124.160481719699987,55048.88707945882,52,53832.24458148872,7.96692289383689985,53832.24458148872,-114.9870938604099986,54997.40655974418,49,54639.68847694446,1.355923243227600043,54639.68847694446,-122.6776489453000063,55606.33101637683,51,51825.6488299844,2.940304567224999655,51825.6488299844,-119.3160768148800055,53509.29801071248,47,49612.8817262146,6.60387161006450004,49612.8817262146,-118.8020137871399977,52269.62453391192,50,53264.01029489357,5.07735992219569885,53264.01029489357,-119.9436204938199917,53723.35663906703,49,41725.1297367118,5.449895449511400235,41725.1297367118,-116.6361182912399948,44144.49098479283,47,46976.14481169057,6.349521801385799665,46976.14481169057,-118.9725898129699996,49415.65471408283,58,,,,,,,55997.29065130353,17.39944046269700087,55997.29065130353,-114.5946471768699831,56772.17740275255,56,,,,,,,,,,,,,,,,,,,,
55048.88707945882,1.272455205697899932,55048.88707945882,-125.9535749721199801,55776.42005364374,53,54997.40655974418,6.794378900932699105,54997.40655974418,-115.6785023756700066,56209.37606593846,50,55606.33101637683,8.059951603220000005,55606.33101637683,-114.9366756595100011,56797.90408800761,52,53509.29801071248,5.1520657073452991,53509.29801071248,-116.8801860679799912,54169.33942188928,48,52269.62453391192,8.22312859902729795,52269.62453391192,-117.8496291788700031,55225.62523544985,52,53723.35663906703,1.788721889979399727,53723.35663906703,-124.4745717817899895,54602.6347963818,50,44144.49098479283,6.748369057784499215,44144.49098479283,-115.7080117454499937,44661.3729014913,48,49415.65471408283,5.81213053420249889,49415.65471408283,-119.3566464047700032,51165.96309967224,59,,,,,,,56772.17740275255,1.362629348183499893,56772.17740275255,-125.6562226150199986,57803.73433006894,57,,,,,,,,,,,,,,,,,,,,
55776.42005364374,2.491365613599899815,55776.42005364374,-123.0356253407800006,56149.26618409737,55,56209.37606593846,2.389795084304199502,56209.37606593846,-120.2163933652900023,56699.94860772696,51,56797.90408800761,7.40746449186569931,56797.90408800761,-115.3033042165999968,58588.05149933885,54,54169.33942188928,9.79308277262120082,54169.33942188928,-114.0908057475599828,54729.49651426609,49,55225.62523544985,3.386828527959799815,55225.62523544985,-121.7020679073199852,55298.17169873934,53,54602.6347963818,14.1657020206720005,54602.6347963818,-115.4876189794200053,55786.70919677942,51,44661.3729014913,4.207760107958199195,44661.3729014913,-117.7594902806499982,45505.52328283423,49,51165.96309967224,13.12846898338899841,51165.96309967224,-115.8178591753799931,52030.36339955326,60,,,,,,,57803.73433006894,1.054211834382799746,57803.73433006894,-126.7707211278599852,62044.63684618288,58,,,,,,,,,,,,,,,,,,,,
56149.26618409737,2.493680918239100197,56149.26618409737,-123.031591179439999,56684.34395728761,56,56699.94860772696,7.14733090277930035,56699.94860772696,-115.4585611073199795,57373.06889465002,52,58588.05149933885,5.523493408712599945,58588.05149933885,-116.5778615990699901,58663.05825002473,55,54729.49651426609,12.10369095281999913,54729.49651426609,-113.1708217381499816,54760.590619241,50,55298.17169873934,3.359002834664499545,55298.17169873934,-121.7378962965699992,56266.70650973169,54,55786.70919677942,2.330090893919599882,55786.70919677942,-123.3262713736099837,55959.67459135085,52,45505.52328283423,6.3946016224674995,45505.52328283423,-115.9418650647099862,45767.40978042876,50,52030.36339955326,14.4517865061120005,52030.36339955326,-115.4007846281799911,53762.56776883722,61,,,,,,,62044.63684618288,1.389418886576399887,62044.63684618288,-125.5716680199199966,62095.5168460675,59,,,,,,,,,,,,,,,,,,,,
56684.34395728761,2.748753015370999355,56684.34395728761,-122.6086428121199953,56784.60039355387,57,57373.06889465002,2.52944708435950004,57373.06889465002,-119.9697440153399833,57525.08020312745,53,58663.05825002473,13.56204283764299841,58663.05825002473,-112.6767488817600048,58780.53760308948,56,54760.590619241,1.094580071346499923,54760.590619241,-123.6075246317599858,56564.15272497643,51,56266.70650973169,11.49439112254599844,56266.70650973169,-116.3951402910300026,56711.33118987751,55,55959.67459135085,6.31319975660809971,55959.67459135085,-118.9975046889900051,56608.68819035877,53,45767.40978042876,3.861359101929600062,45767.40978042876,-118.1325980761299941,46064.82303882081,51,53762.56776883722,7.146347596171899825,53762.56776883722,-118.4591586366800011,53915.86656169506,62,,,,,,,62095.5168460675,10.69069063688399976,62095.5168460675,-116.7099423771900031,62754.62063025193,60,,,,,,,,,,,,,,,,,,,,
56784.60039355387,2.277851111305699827,56784.60039355387,-123.4247466640800036,58161.39989283725,59,57525.08020312745,3.805380795244199795,57525.08020312745,-118.1960187792099926,59056.03787607945,54,58780.53760308948,5.20421940882379983,58780.53760308948,-116.8364440195799993,59250.46079734293,57,56564.15272497643,24.35275397881800065,56564.15272497643,-110.1345191863100009,57690.171424373,52,56711.33118987751,1.359248794121000075,56711.33118987751,-125.667010436169988,57204.35165640997,56,56608.68819035877,3.443811236766499902,56608.68819035877,-121.6296066124799888,57751.01933273535,54,46064.82303882081,1.625600488860500008,46064.82303882081,-121.8898617879199828,46748.53184258593,52,53915.86656169506,6.40306149289089885,53915.86656169506,-118.9361232733500056,54492.68438250442,63,,,,,,,62754.62063025193,2.12599571655809959,62754.62063025193,-123.7243761482500015,64521.97701188927,61,,,,,,,,,,,,,,,,,,,,
58161.39989283725,2.038677288177700213,58161.39989283725,-123.906515152989982,58610.16866008056,61,59056.03787607945,31.77966198806900155,59056.03787607945,-108.9785072630699853,59838.79151304639,55,59250.46079734293,3.11218179480330014,59250.46079734293,-119.0693504208900031,59898.12162065338,58,57690.171424373,5.95344396368729886,57690.171424373,-116.2523172978000043,58443.73550064394,53,57204.35165640997,7.17269051076569926,57204.35165640997,-118.4431790781899843,57304.64872279784,57,57751.01933273535,10.64746097164699985,57751.01933273535,-116.7275394316099828,57976.6641270546,55,46748.53184258593,5.190954850989498925,46748.53184258593,-116.8475274843799805,48746.00382757691,53,54492.68438250442,1.815020011617999962,54492.68438250442,-124.4111858226000032,54610.20577670734,64,,,,,,,64521.97701188927,2.837266137239200057,64521.97701188927,-122.4709992521499937,65854.15585334014,62,,,,,,,,,,,,,,,,,,,,
58610.16866008056,9.8076379882433002,58610.16866008056,-117.0843557286299865,59352.70739447037,62,59838.79151304639,1.655814893563199766,59838.79151304639,-121.8098821537599856,60935.78784872416,56,59898.12162065338,7.030490668949399315,59898.12162065338,-115.5301436383099935,60556.38230785354,59,58443.73550064394,16.78995381960599781,58443.73550064394,-111.749504983779985,59771.50273513219,54,57304.64872279784,3.139681017267899487,57304.64872279784,-122.0311447277899785,58130.03888623349,58,57976.6641270546,2.99202468647629959,57976.6641270546,-122.2403482753300063,59195.72935067903,56,48746.00382757691,4.917464540499899765,48746.00382757691,-117.082587630649982,48897.8536540439,54,54610.20577670734,1.172251349112199743,54610.20577670734,-126.3097925877100063,55808.0635022653,65,,,,,,,65854.15585334014,17.46171665352400016,65854.15585334014,-114.5791306323600048,66208.41254822351,63,,,,,,,,,,,,,,,,,,,,
59352.70739447037,1.72810132279579997,59352.70739447037,-124.6243079736599947,59989.84727301671,64,60935.78784872416,3.141762591538399525,60935.78784872416,-119.0282663568099788,62752.28430102565,57,60556.38230785354,7.369696639099899435,60556.38230785354,-115.325503887590002,61333.67113383678,60,59771.50273513219,8.133985503847700435,59771.50273513219,-114.8969660591799875,60242.3086297218,55,58130.03888623349,2.268285084340099891,58130.03888623349,-123.4430236301799932,60204.90957660831,59,59195.72935067903,1.988662944543400085,59195.72935067903,-124.0143881854899912,61075.05799757796,57,48897.8536540439,3.39323577513939954,48897.8536540439,-118.6938596284699935,48963.2667681722,55,55808.0635022653,3.64600596190249957,55808.0635022653,-121.3818262552800031,57056.68100487909,66,,,,,,,66208.41254822351,5.171906026124998925,66208.41254822351,-119.8634937487900057,67991.750505326,64,,,,,,,,,,,,,,,,,,,,
59989.84727301671,1.431131225855399863,59989.84727301671,-125.4432054230499882,61746.4375331794,65,62752.28430102565,2.865596944323299575,62752.28430102565,-119.4278489459699977,62877.25334652973,59,61333.67113383678,1.584051955046499751,61333.67113383678,-122.002305781629985,61997.21796423223,61,60242.3086297218,3.590291063054099382,60242.3086297218,-118.448703419639997,63051.10405170854,56,60204.90957660831,2.560378388646099335,60204.90957660831,-122.916958472049998,63655.80297290393,60,61075.05799757796,10.18197722848699978,61075.05799757796,-116.9216787857699838,61970.61364862262,59,48963.2667681722,5.02049340942859955,48963.2667681722,-116.9925359869899917,49003.48289008397,56,57056.68100487909,4.942237010116699005,57056.68100487909,-120.0607643139099987,58381.25429659424,67,,,,,,,67991.750505326,9.28284123941010004,67991.750505326,-117.3231907704199836,69330.29720582047,65,,,,,,,,,,,,,,,,,,,,
61746.4375331794,6.56712372861120028,61746.4375331794,-118.8262480126300028,66013.67274584408,68,62877.25334652973,2.552909041726899797,62877.25334652973,-119.9296465851300008,65079.08155981794,60,61997.21796423223,5.3000800135269994,61997.21796423223,-116.7571757395199933,62538.20546196522,62,63051.10405170854,8.89325319562049895,63051.10405170854,-114.5093934291499801,63369.19227028164,57,63655.80297290393,2.258073966848299628,63655.80297290393,-123.4626183616300063,64099.69208800442,61,61970.61364862262,4.669099066660098855,61970.61364862262,-120.3076691132399953,62261.62797906051,60,49003.48289008397,17.52257490204100057,49003.48289008397,-111.564020749039997,49455.36048607708,57,58381.25429659424,2.652077568237099382,58381.25429659424,-122.7641377779199837,59079.57066725953,68,,,,,,,69330.29720582047,2.806860366392399432,69330.29720582047,-122.5177919178800035,70988.19425803873,66,,,,,,,,,,,,,,,,,,,,
66013.67274584408,1.506161809308800053,66013.67274584408,-125.2212836869599921,66640.79242273259,69,65079.08155981794,7.661236080262199235,65079.08155981794,-115.1570115471099878,65160.99237539809,61,62538.20546196522,1.033602780459499823,62538.20546196522,-123.8564633106699938,63062.526981511,63,63369.19227028164,55.84339911932899255,63369.19227028164,-106.53028154607,66422.76107193509,58,64099.69208800442,1.730740253642899952,64099.69208800442,-124.6176810536200032,64237.03155521557,62,62261.62797906051,5.165423954854499985,62261.62797906051,-119.8689402773599962,62721.44773109095,61,49455.36048607708,9.67163300074809836,49455.36048607708,-114.1450019154899845,52975.84447023462,58,59079.57066725953,4.80170572797649873,59079.57066725953,-120.186044591539996,59326.90732765856,69,,,,,,,70988.19425803873,4.59606517605089947,70988.19425803873,-120.3761382128099903,73146.8950623362,67,,,,,,,,,,,,,,,,,,,,
66640.79242273259,1.087465550532499931,66640.79242273259,-126.6358449202899972,66676.56156645545,70,65160.99237539809,4.005407000250599467,65160.99237539809,-117.9735334749900057,66575.7833156451,62,63062.526981511,8.028864354238500285,63062.526981511,-114.9534587932499785,64187.33625383836,64,66422.76107193509,2.059307138672499696,66422.76107193509,-120.8627887500300058,67012.7011902035,59,64237.03155521557,6.794080535444999535,64237.03155521557,-118.6786930940999976,64400.94995933848,63,62721.44773109095,13.79884404649400047,62721.44773109095,-115.6015729368999981,66555.64952546312,62,52975.84447023462,2.725572367885499492,52975.84447023462,-119.6454228233699832,53943.69108207311,59,59326.90732765856,5.30129292544829942,59326.90732765856,-119.7561819796399897,61532.65855110384,70,,,,,,,73146.8950623362,10.15357798520999917,73146.8950623362,-116.933808912079996,74033.89235744573,68,,,,,,,,,,,,,,,,,,,,
66676.56156645545,1.970942232226700053,66676.56156645545,-124.0532610458599828,66825.54087160038,71,66575.7833156451,2.040799055231799377,66575.7833156451,-120.9019975545099892,70002.79256835653,63,64187.33625383836,24.01641649277599545,64187.33625383836,-110.1949179349900016,64284.42024949209,65,67012.7011902035,1.841388054925900065,67012.7011902035,-121.3485467844099896,68237.56438274524,60,64400.94995933848,4.500821938184300192,64400.94995933848,-120.4670816830899862,64812.65360485258,64,66555.64952546312,1.878530422012699921,66555.64952546312,-124.2618176732700018,66678.82937821411,63,53943.69108207311,10.88951617258100053,53943.69108207311,-113.6299141576699863,54938.2403016757,60,61532.65855110384,8.287327608966698705,61532.65855110384,-117.8158549258500041,64031.22961079443,71,,,,,,,74033.89235744573,1.94342387205329991,74033.89235744573,-124.114324669159998,77267.50906990872,70,,,,,,,,,,,,,,,,,,,,
66825.54087160038,1.937892889742399916,66825.54087160038,-124.1267023073199875,67128.38609916776,72,70002.79256835653,11.68364310496799868,70002.79256835653,-113.3242171769599901,70345.56469526629,64,64284.42024949209,7.233712775111699825,64284.42024949209,-115.4063873951400007,64701.33288330577,66,68237.56438274524,3.507703317388899382,68237.56438274524,-118.549771465119988,69502.95929340906,61,64812.65360485258,1.257156964725600008,64812.65360485258,-126.0061049426399785,65432.26024892029,65,66678.82937821411,1.349863172278900063,66678.82937821411,-122.6971025116099833,66991.61904034899,64,54938.2403016757,15.270772965471,54938.2403016757,-112.1613897956799798,55435.27622082793,61,64031.22961079443,8.421669773623097625,64031.22961079443,-117.7460179192399887,64232.84091188212,72,,,,,,,77267.50906990872,6.895840583088800075,77267.50906990872,-118.6141278701599897,77596.68540844706,71,,,,,,,,,,,,,,,,,,,,
67128.38609916776,4.814083268534998775,67128.38609916776,-120.1748640206400006,67196.81069764532,73,70345.56469526629,2.515473042039399572,70345.56469526629,-119.9938033258399907,70604.47502746269,65,64701.33288330577,14.66495987528999827,64701.33288330577,-112.3371912095199997,66145.94291980934,67,69502.95929340906,14.80605575315099993,69502.95929340906,-112.2956061958699929,70573.48879080146,62,65432.26024892029,2.73684031888330014,65432.26024892029,-122.6275054078899977,65624.4707096045,66,66991.61904034899,2.004604545856399682,66991.61904034899,-120.9797128912399837,67331.82692017697,65,55435.27622082793,2.040265437499699346,55435.27622082793,-120.903133274059996,56811.32303207771,62,64232.84091188212,7.080759298141400005,64232.84091188212,-118.4992016867900015,66512.83818199859,73,,,,,,,77596.68540844706,8.19526898296109958,77596.68540844706,-117.864367875599981,78592.86218344224,72,,,,,,,,,,,,,,,,,,,,
67196.81069764532,1.134079277247800105,67196.81069764532,-126.4535658524199841,69229.95673039611,74,70604.47502746269,1.909831316566999775,70604.47502746269,-121.1900498956899805,71545.7212109708,66,66145.94291980934,6.32154934700109903,66145.94291980934,-115.9917646754200001,67435.49522211815,68,70573.48879080146,10.20627673636899853,70573.48879080146,-113.911326602399981,73092.63868185137,63,65624.4707096045,4.171311966200699205,65624.4707096045,-120.7972732870299803,66497.3853331346,67,67331.82692017697,3.936063650836000055,67331.82692017697,-118.0493788712499845,68574.22539830494,66,56811.32303207771,3.55359012590999955,56811.32303207771,-118.4933266553499887,57403.03676580898,63,66512.83818199859,6.22284040371410005,66512.83818199859,-119.0601133715999816,68441.19075611041,74,,,,,,,78592.86218344224,2.063481172165800172,78592.86218344224,-123.853994894039999,78972.68155042088,73,,,,,,,,,,,,,,,,,,,,
69229.95673039611,2.180738753328399495,69229.95673039611,-123.6139635862299991,69383.29511265738,76,71545.7212109708,2.649841633701900167,71545.7212109708,-119.7678008065399805,78207.21888612613,67,67435.49522211815,6.97253226437380033,67435.49522211815,-115.5660946742299865,67462.39497634888,69,73092.63868185137,7.090352135286499515,73092.63868185137,-115.493321954779986,74210.14400000783,64,66497.3853331346,1.416563323858799788,66497.3853331346,-125.487640066799997,67291.88374289236,68,68574.22539830494,3.161230832364899417,68574.22539830494,-119.0014379091699931,69175.16770174437,67,57403.03676580898,8.67019227372290044,57403.03676580898,-114.6197127132499812,57545.71719303218,64,68441.19075611041,5.363706713981500205,68441.19075611041,-119.705349772749997,68514.49203946829,75,,,,,,,78972.68155042088,7.25663997338319961,78972.68155042088,-118.3926442321200052,79377.78162785232,74,,,,,,,,,,,,,,,,,,,,
69383.29511265738,6.9971906227557987,69383.29511265738,-118.5507629454799876,70220.54011063595,77,78207.21888612613,10.5427759002810006,78207.21888612613,-113.7704502484899929,80378.5571447831,68,67462.39497634888,5.20827122258650019,67462.39497634888,-116.8330640781099981,68898.39984009066,70,74210.14400000783,18.80693688454400097,74210.14400000783,-111.2568193291699853,75361.18963261177,65,67291.88374289236,8.74850044578520066,67291.88374289236,-117.5806638171299876,70044.39069709527,69,69175.16770174437,3.428146002526299962,69175.16770174437,-118.6494069003300063,69229.63978164719,68,57545.71719303218,3.744149771064799725,57545.71719303218,-118.2664678721899913,57656.49000720118,65,68514.49203946829,5.80686050196129953,68514.49203946829,-119.3605860688499826,70743.23001727819,76,,,,,,,79377.78162785232,2.624006129215899807,79377.78162785232,-122.8103515485999816,80664.70985503116,75,,,,,,,,,,,,,,,,,,,,
70220.54011063595,1.557811933984500012,70220.54011063595,-125.0748497346899903,71400.78386568987,78,80378.5571447831,1.627500502443399713,80378.5571447831,-121.884788686839982,81432.46116897226,69,68898.39984009066,13.62385270403699872,68898.39984009066,-112.6570006044800035,71019.25883403409,71,75361.18963261177,14.07483653490499968,75361.18963261177,-112.5155664034199954,76178.19082746913,66,70044.39069709527,1.269225912844199828,70044.39069709527,-125.9646106981300018,73017.61657245254,70,69229.63978164719,2.414738367742499377,69229.63978164719,-120.1712991733499786,72146.78452356246,69,57656.49000720118,64.55624859889499565,57656.49000720118,-105.9006171465699988,58669.5410262735,66,70743.23001727819,1.077401582695099775,70743.23001727819,-126.676223908140002,71102.66843879332,77,,,,,,,80664.70985503116,4.33360326099390035,80664.70985503116,-120.631508506179983,80702.07723405909,76,,,,,,,,,,,,,,,,,,,,
71400.78386568987,11.80862303234900062,71400.78386568987,-116.2780074119399951,72068.67321302355,79,81432.46116897226,25.35995291966799657,81432.46116897226,-109.9585155704999973,82599.85904268121,70,71019.25883403409,3.369897077023599852,71019.25883403409,-118.7238336309399921,73445.26540626113,72,76178.19082746913,21.36528000339999512,76178.19082746913,-110.702914111479998,78068.22447213719,67,73017.61657245254,3.82009194940880013,73017.61657245254,-121.1792618351799997,74374.6388341657,71,72146.78452356246,8.832464602406098165,72146.78452356246,-114.5391809439799995,75592.41817860507,71,58669.5410262735,3.847487734789400077,58669.5410262735,-118.1482275596000018,59656.88065119794,67,71102.66843879332,6.012650095108899225,71102.66843879332,-119.2093406909399953,72153.78492425209,78,,,,,,,80702.07723405909,2.432845834658899687,80702.07723405909,-123.1388541070699882,81062.04912835953,77,,,,,,,,,,,,,,,,,,,,
72068.67321302355,1.163246731318599896,72068.67321302355,-126.3432815914499935,72117.52115877748,80,82599.85904268121,1.734180013421600102,82599.85904268121,-121.6090582336599932,82882.93570518731,71,73445.26540626113,1.226715638848800078,73445.26540626113,-123.1125609806499876,73605.03235415259,73,78068.22447213719,6.03147768887239975,78068.22447213719,-116.1957627434399847,81617.27505042392,68,74374.6388341657,2.044745186255299876,74374.6388341657,-123.8936080555299947,74415.49596340751,72,75592.41817860507,1.167099102134800053,75592.41817860507,-123.3289226504899996,76111.92399730218,72,59656.88065119794,15.96337152042299926,59656.88065119794,-111.968753787699995,60962.49174938298,68,72153.78492425209,4.588065453777598875,72153.78492425209,-120.38370395039999,72577.28726893129,79,,,,,,,81062.04912835953,1.538924836106599687,81062.04912835953,-125.1278259138399841,81823.691138242,78,,,,,,,,,,,,,,,,,,,,
72117.52115877748,1.593307151521599957,72117.52115877748,-124.9770049453599933,72225.87242242399,81,82882.93570518731,28.76875470601499515,82882.93570518731,-109.4107893671999813,83683.29816467966,72,73605.03235415259,2.103308842032099327,73605.03235415259,-120.7709695244799941,73743.84892905069,74,81617.27505042392,2.950080232227899827,81617.27505042392,-119.3016617251699922,82243.33373678452,69,74415.49596340751,29.78882556139199502,74415.49596340751,-112.2594661871399917,76543.66924891191,73,76111.92399730218,10.58629758298799923,76111.92399730218,-113.7525590206699913,77196.9852018516,73,60962.49174938298,1.449004230032199907,60962.49174938298,-122.389303467049984,61175.31341845455,69,72577.28726893129,3.454884696186999437,72577.28726893129,-121.6156644225399923,72634.19701735275,80,,,,,,,81823.691138242,7.59530630698209916,81823.691138242,-118.1945470702199821,85655.5426801314,79,,,,,,,,,,,,,,,,,,,,
72225.87242242399,2.051764973399399665,72225.87242242399,-123.8787238849299962,74091.94124935209,82,83683.29816467966,2.210166244872500121,83683.29816467966,-120.5557505820799798,83906.27708923343,73,73743.84892905069,4.827879330565298925,73743.84892905069,-117.16243593323,73856.67559531417,75,82243.33373678452,8.925171558939698675,82243.33373678452,-114.4938342716099834,82388.7434354793,70,76543.66924891191,5.769136604121600315,76543.66924891191,-119.3888917750699926,78696.71773529302,74,77196.9852018516,1.60005180727619977,77196.9852018516,-121.9586595531299901,78692.17662818981,75,61175.31341845455,33.17789384478199102,61175.31341845455,-108.7915118674499976,63017.18154651242,70,72634.19701735275,1.503788442389499816,72634.19701735275,-125.2281325733799798,73023.23028970112,81,,,,,,,85655.5426801314,28.3369821707449957,85655.5426801314,-112.4764640307899978,86054.32700153165,80,,,,,,,,,,,,,,,,,,,,
74091.94124935209,2.196840800728799608,74091.94124935209,-123.5820141411699916,77174.57854546556,83,83906.27708923343,8.998927451941099735,83906.27708923343,-114.4580924938999823,85123.77088109481,74,73856.67559531417,1.455828770022399957,73856.67559531417,-122.3688970236299833,79398.82328339976,76,82388.7434354793,7.97837079817539948,82388.7434354793,-114.9808578353599838,83420.1096312848,71,78696.71773529302,2.414962870987300107,78696.71773529302,-123.170895419519979,78803.7876230523,75,78692.17662818981,5.02712001341119928,78692.17662818981,-116.9868074665199907,82980.02409701462,78,63017.18154651242,4.714143426429499665,63017.18154651242,-117.2659720832899945,63690.62133545709,71,73023.23028970112,2.679569986835099717,73023.23028970112,-122.7193489527300012,73405.93411382986,82,,,,,,,86054.32700153165,1.455488700573400066,86054.32700153165,-125.3699116177999992,,,,,,,,,,,,,,,,,,,,,,
77174.57854546556,1.609213903582699775,77174.57854546556,-124.9338622378699875,79324.16705545252,85,85123.77088109481,10.91027684862099884,85123.77088109481,-113.6216422903600001,85486.48781065609,75,79398.82328339976,2.403326119026799812,79398.82328339976,-120.191872936639981,79899.67176095062,77,83420.1096312848,25.36862063687500057,83420.1096312848,-109.9570314594699875,84672.89030874366,72,78803.7876230523,17.62457820462199708,78803.7876230523,-114.5388126784600041,79045.72602536745,76,82980.02409701462,6.195909713274000175,82980.02409701462,-116.0789491940099931,84371.68567977026,80,63690.62133545709,11.06202455144400072,63690.62133545709,-113.5616538197699863,63751.30053406196,72,73405.93411382986,2.369420990151700037,73405.93411382986,-123.2535776854900003,74150.76280334134,83,,,,,,,,,,,,,,,,,,,,,,,,,,,,,,,,
79324.16705545252,2.383111859592299972,79324.16705545252,-123.2285557206199935,80765.21226266894,86,85486.48781065609,23.03708973531399796,85486.48781065609,-110.3757238600099978,85626.46769860199,76,79899.67176095062,4.561204151251899912,79899.67176095062,-117.4092048908800047,79911.15669758717,78,84672.89030874366,25.86823607777999702,84672.89030874366,-109.8723318426399938,84954.67377713845,73,79045.72602536745,6.126472836331998875,79045.72602536745,-119.1278948773099837,79084.95153277595,77,84371.68567977026,1.017064515865599978,84371.68567977026,-123.9265149742599868,,,63751.30053406196,10.24111813098899756,63751.30053406196,-113.8965262425799945,64134.43039875871,73,74150.76280334134,16.97209849556799803,74150.76280334134,-114.7026445652099934,74258.28025191974,84,,,,,,,,,,,,,,,,,,,,,,,,,,,,,,,,
80765.21226266894,2.57913297358229964,80765.21226266894,-122.8852626615799858,82629.94532675335,87,85626.46769860199,9.30810079258149865,85626.46769860199,-114.3113892261099801,86087.49430040735,77,79911.15669758717,8.132797240772500625,79911.15669758717,-114.8976005498499826,81294.87598907832,79,84954.67377713845,9.61417442365269887,84954.67377713845,-114.1708800301599918,85082.67425206027,74,79084.95153277595,3.367163367318999777,79084.95153277595,-121.7273581209300056,81294.48351308231,78,,,,,,,64134.43039875871,38.85578525570799955,64134.43039875871,-108.1054430974400017,64411.35877869796,74,74258.28025191974,2.750995008133999765,74258.28025191974,-122.6051019766599945,74582.54397857436,85,,,,,,,,,,,,,,,,,,,,,,,,,,,,,,,,
82629.94532675335,1.549403719438700025,82629.94532675335,-125.0983540581700023,83172.9711004062,88,86087.49430040735,11.60685800683199882,86087.49430040735,-113.352853284930006,,,81294.87598907832,2.077286614221499397,81294.87598907832,-120.8250357742400066,81467.58598274099,80,85082.67425206027,47.94170957068999405,85082.67425206027,-107.1928648336299826,85102.75334096507,75,81294.48351308231,4.466624168045600007,81294.48351308231,-120.5002058851999887,81327.42489522916,79,,,,,,,64411.35877869796,1.967100374744299876,64411.35877869796,-121.0617347887800001,64688.58445360992,75,74582.54397857436,2.391834545844499602,74582.54397857436,-123.212688657840004,75486.30335688845,86,,,,,,,,,,,,,,,,,,,,,,,,,,,,,,,,
83172.9711004062,3.407250575699300107,83172.9711004062,-121.6759592641400043,83198.70796444212,89,,,,,,,81467.58598274099,2.97310766775910017,81467.58598274099,-119.2678936302299912,81475.9760903686,81,85102.75334096507,10.55147109693099945,85102.75334096507,-113.7668698636200016,85414.26893184117,76,81327.42489522916,1.887511204292899862,81327.42489522916,-124.2411046171299911,84601.30706476942,80,,,,,,,64688.58445360992,6.927646612750699235,64688.58445360992,-115.594142742879995,64705.54778590278,76,75486.30335688845,15.40688357438000006,75486.30335688845,-115.1228519926499981,76426.96011753772,87,,,,,,,,,,,,,,,,,,,,,,,,,,,,,,,,
83198.70796444212,6.569063923804399935,83198.70796444212,-118.8249651197599797,83243.65563547958,90,,,,,,,81475.9760903686,3.662136693598100107,81475.9760903686,-118.3626544917499922,81901.60327792888,82,85414.26893184117,14.68418697521799735,85414.26893184117,-112.3315009421799851,85714.79873821024,77,84601.30706476942,3.108634700666499375,84601.30706476942,-122.0743030941600006,84980.49469417648,81,,,,,,,64705.54778590278,11.420126597343998,64705.54778590278,-113.4232908170999958,65087.50854332029,77,76426.96011753772,3.440305957166200007,76426.96011753772,-121.6340293254500006,78570.62153304025,88,,,,,,,,,,,,,,,,,,,,,,,,,,,,,,,,
83243.65563547958,4.601206861949199452,83243.65563547958,-120.3712824120100031,83732.42134540343,91,,,,,,,81901.60327792888,2.843043984481499632,81901.60327792888,-119.4621642132599955,82011.88208886295,83,85714.79873821024,12.56220121592799892,85714.79873821024,-113.0093425453399898,,,84980.49469417648,4.75135602896859941,84980.49469417648,-120.2318242577499912,85017.61192893991,82,,,,,,,65087.50854332029,21.60830111718500031,65087.50854332029,-110.6537937677399834,65653.78153939433,78,78570.62153304025,2.310655390789899665,78570.62153304025,-123.3626482000699976,78671.1725797947,89,,,,,,,,,,,,,,,,,,,,,,,,,,,,,,,,
83732.42134540343,4.224455815158400175,83732.42134540343,-120.7422922794399932,86365.38563618615,93,,,,,,,82011.88208886295,4.268400023305598957,82011.88208886295,-117.6973488639499972,83045.71596838116,84,,,,,,,85017.61192893991,1.296635279548899782,85017.61192893991,-125.8718216605499828,86090.21166811874,83,,,,,,,65653.78153939433,5.09101371501570019,65653.78153939433,-116.9319573298699875,66021.92995257574,79,78671.1725797947,3.178523321143299707,78671.1725797947,-121.9777459775999938,78853.73781291564,90,,,,,,,,,,,,,,,,,,,,,,,,,,,,,,,,
86365.38563618615,2.540451541176500062,86365.38563618615,-122.9508908479199927,,,,,,,,,83045.71596838116,5.99400864169419909,83045.71596838116,-116.22282635258,83541.4213479496,85,,,,,,,86090.21166811874,3.25327398955869994,86090.21166811874,-121.876793590539989,,,,,,,,,66021.92995257574,17.05685170092199591,66021.92995257574,-111.6810112645700026,66998.38671649932,82,78853.73781291564,2.754222095185499865,78853.73781291564,-122.6000104199299863,79006.77406506189,91,,,,,,,,,,,,,,,,,,,,,,,,,,,,,,,,
,,,,,,,,,,,,83541.4213479496,6.06582847148609969,83541.4213479496,-116.1710987476099882,83845.15697827477,86,,,,,,,,,,,,,,,,,,,66998.38671649932,2.076029360507900093,66998.38671649932,-120.8276650871499947,71424.79020045421,83,79006.77406506189,7.5780391957077988,79006.77406506189,-118.2044315276399966,79119.07666410938,92,,,,,,,,,,,,,,,,,,,,,,,,,,,,,,,,
,,,,,,,,,,,,83845.15697827477,8.842019251418399465,83845.15697827477,-114.5344854385500064,84295.51219656253,87,,,,,,,,,,,,,,,,,,,71424.79020045421,1.49447593890119989,71424.79020045421,-122.2551107271999907,71931.42976129775,84,79119.07666410938,2.172075452307999468,79119.07666410938,-123.6312509254899791,80076.49611053658,93,,,,,,,,,,,,,,,,,,,,,,,,,,,,,,,,
,,,,,,,,,,,,84295.51219656253,3.79536142187689938,84295.51219656253,-118.2074686112499926,84385.11330853855,88,,,,,,,,,,,,,,,,,,,71931.42976129775,15.3332134502960002,71931.42976129775,-112.1436681856499997,73178.73838265702,85,80076.49611053658,9.61103316384069823,80076.49611053658,-117.1722992416899837,80250.49952179497,94,,,,,,,,,,,,,,,,,,,,,,,,,,,,,,,,
,,,,,,,,,,,,84385.11330853855,8.144105850460700655,84385.11330853855,-114.8915659036399855,85662.18827860546,89,,,,,,,,,,,,,,,,,,,73178.73838265702,3.038538169884199987,73178.73838265702,-119.1733530370800048,73408.30988650135,86,80250.49952179497,9.213022666007297765,80250.49952179497,-117.3559786037899921,85091.32725027284,95,,,,,,,,,,,,,,,,,,,,,,,,,,,,,,,,
,,,,,,,,,,,,85662.18827860546,14.81468203910699793,85662.18827860546,-112.2930766515199816,,,,,,,,,,,,,,,,,,,,,73408.30988650135,1.168163691606799663,73408.30988650135,-123.3249629645299872,75138.77006417284,87,85091.32725027284,3.640844683948699852,85091.32725027284,-121.3879784738900008,,,,,,,,,,,,,,,,,,,,,,,,,,,,,,,,,,
,,,,,,,,,,,,,,,,,,,,,,,,,,,,,,,,,,,,75138.77006417284,2.740261602222299852,75138.77006417284,-119.622079747789996,77129.46525460799,89,,,,,,,,,,,,,,,,,,,,,,,,,,,,,,,,,,,,,,
,,,,,,,,,,,,,,,,,,,,,,,,,,,,,,,,,,,,77129.46525460799,1.555667014805799822,77129.46525460799,-122.080833566449996,80144.17061172245,92,,,,,,,,,,,,,,,,,,,,,,,,,,,,,,,,,,,,,,
,,,,,,,,,,,,,,,,,,,,,,,,,,,,,,,,,,,,80144.17061172245,5.81184154516449956,80144.17061172245,-116.3568623487599888,80391.1003195419,93,,,,,,,,,,,,,,,,,,,,,,,,,,,,,,,,,,,,,,
,,,,,,,,,,,,,,,,,,,,,,,,,,,,,,,,,,,,80391.1003195419,3.550490330415000157,80391.1003195419,-118.4971166579299786,82624.34356397847,94,,,,,,,,,,,,,,,,,,,,,,,,,,,,,,,,,,,,,,
,,,,,,,,,,,,,,,,,,,,,,,,,,,,,,,,,,,,82624.34356397847,1.578365045741999753,82624.34356397847,-122.0179254547599891,82672.31836940307,95,,,,,,,,,,,,,,,,,,,,,,,,,,,,,,,,,,,,,,
,,,,,,,,,,,,,,,,,,,,,,,,,,,,,,,,,,,,82672.31836940307,1.560464142864999896,82672.31836940307,-122.0674620632200056,82807.36986997124,96,,,,,,,,,,,,,,,,,,,,,,,,,,,,,,,,,,,,,,
,,,,,,,,,,,,,,,,,,,,,,,,,,,,,,,,,,,,82807.36986997124,4.0327716871204,82807.36986997124,-117.9439636461000016,83111.26984286159,97,,,,,,,,,,,,,,,,,,,,,,,,,,,,,,,,,,,,,,
,,,,,,,,,,,,,,,,,,,,,,,,,,,,,,,,,,,,83111.26984286159,1.355632404521899918,83111.26984286159,-122.6785805849999913,85262.29751854819,99,,,,,,,,,,,,,,,,,,,,,,,,,,,,,,,,,,,,,,
,,,,,,,,,,,,,,,,,,,,,,,,,,,,,,,,,,,,85262.29751854819,1.434858612912799806,85262.29751854819,-122.4319089102500011,85613.1369806579,100,,,,,,,,,,,,,,,,,,,,,,,,,,,,,,,,,,,,,,
,,,,,,,,,,,,,,,,,,,,,,,,,,,,,,,,,,,,85613.1369806579,1.268090703857100093,85613.1369806579,-122.9684968117399813,,,,,,,,,,,,,,,,,,,,,,,,,,,,,,,,,,,,,,,,
